OverallQual,GrLivArea,TotalBsmtSF,1stFlrSF,YearBuilt,YearRemodAdd,GarageCars,GarageArea,FullBath,TotRmsAbvGrd,KitchenQual,Fireplaces,LotArea,Neighborhood,ExterQual,SalePrice
7,1710,856,856,2003,2003,2,548,2,8,Gd,0,8450,CollgCr,Gd,208500
6,1262,1262,1262,1976,1976,2,460,2,6,TA,1,9600,Veenker,TA,181500
7,1786,920,920,2001,2002,2,608,2,6,Gd,1,11250,CollgCr,Gd,223500
8,1694,1686,1694,2004,2005,2,636,2,7,Gd,1,10084,Somerst,Gd,307000
7,1774,952,1022,1931,1950,2,468,2,8,TA,2,6120,OldTown,TA,129900
5,1077,991,1077,1939,1950,1,205,1,5,TA,2,7420,BrkSide,TA,118000
9,2324,1175,1182,2005,2006,3,736,3,11,Ex,2,11924,NridgHt,Ex,345000
5,912,912,912,1962,1962,1,352,1,4,TA,0,12968,Sawyer,TA,144000
7,1494,1494,1494,2006,2007,3,840,2,7,Gd,1,10652,CollgCr,Gd,279500
6,1253,1253,1253,1960,1960,1,352,1,5,TA,1,10920,NAmes,TA,157000
7,854,832,854,1929,2001,2,576,1,5,TA,0,6120,BrkSide,TA,132000
4,1296,0,1296,1967,1967,2,516,2,6,TA,0,10791,Sawyer,TA,90000
5,1114,1114,1114,2004,2004,2,576,1,6,Gd,0,13695,SawyerW,TA,159000
5,1339,1029,1339,1958,1965,1,294,1,6,TA,0,7560,NAmes,TA,139000
8,2376,1158,1158,2005,2006,3,853,3,9,Gd,1,14215,NridgHt,Gd,325300
7,1108,637,1108,1930,1950,1,280,1,6,Gd,1,7449,IDOTRR,TA,139400
5,1060,1060,1060,1968,2001,1,270,1,6,Gd,1,8246,Sawyer,TA,154000
5,900,900,900,1951,2000,2,576,1,5,Gd,0,7200,NAmes,TA,134800
8,1704,1704,1704,2007,2008,3,772,2,7,Gd,1,11478,NridgHt,Gd,306000
4,520,520,520,1927,1950,1,240,1,4,Fa,0,6324,BrkSide,TA,68500
4,1317,649,649,1920,1950,1,250,1,6,TA,0,8500,IDOTRR,TA,40000
5,1228,1228,1228,1966,2006,1,271,1,6,Gd,0,8544,Sawyer,TA,149350
8,1234,1234,1234,2007,2007,2,484,2,7,Gd,0,11049,CollgCr,Gd,179900
5,1700,1398,1700,1959,1959,2,447,1,6,Gd,1,10552,NAmes,TA,165500
9,1561,1561,1561,2005,2005,2,556,2,6,Ex,1,7313,NridgHt,Ex,277500
8,2452,1117,1132,2004,2005,3,691,3,9,Gd,1,13418,NridgHt,Gd,309000
5,1097,1097,1097,1994,1995,2,672,1,6,TA,0,10859,CollgCr,TA,145000
5,1057,1057,1057,1953,2007,1,246,1,5,Gd,0,7922,NAmes,TA,109000
4,1152,0,1152,1955,1955,0,0,2,6,Fa,0,6040,Edwards,TA,82000
6,1324,1088,1324,1965,1965,2,440,2,6,TA,1,8658,NAmes,TA,160000
5,1328,1350,1328,1959,1959,1,308,1,5,TA,2,16905,Timber,TA,170000
5,884,840,884,1983,1983,2,504,1,5,Gd,0,9180,SawyerW,TA,144000
5,938,938,938,1975,1980,1,308,1,5,TA,0,9200,CollgCr,TA,130250
5,1150,1150,1150,1959,1959,1,300,1,6,TA,0,7945,NAmes,TA,141000
9,1752,1752,1752,2005,2005,2,576,2,6,Ex,1,7658,NridgHt,Ex,319900
7,2149,1434,1518,2003,2003,2,670,1,6,Gd,1,12822,Mitchel,Gd,239686
4,1452,736,736,1920,2008,0,0,2,8,TA,0,4456,OldTown,TA,113000
5,955,955,955,1966,1966,1,386,1,6,TA,0,7742,Sawyer,TA,127000
6,1470,794,794,1997,1997,2,388,2,6,TA,0,13869,Gilbert,TA,177000
5,816,816,816,1963,1963,2,516,1,5,TA,0,8472,IDOTRR,Fa,110000
9,1842,1842,1842,1981,1987,3,894,0,5,Gd,1,50271,Veenker,Gd,385000
5,1360,384,1360,1955,1955,2,572,1,6,TA,1,7134,NAmes,TA,130000
6,1425,1425,1425,1964,1964,2,576,2,7,TA,1,10175,NAmes,TA,180500
8,1739,970,983,1999,2000,2,480,2,7,Gd,0,2645,Somerst,Gd,172500
7,1720,860,860,2004,2004,2,565,2,7,Gd,0,11645,CollgCr,Gd,196500
10,2945,1410,1426,2006,2006,3,641,3,10,Gd,1,13682,StoneBr,Ex,438780
5,780,780,780,1972,1972,1,352,1,4,TA,0,7200,CollgCr,TA,124900
6,1158,1158,1158,2004,2004,2,576,1,5,Gd,0,13072,SawyerW,TA,158000
5,1111,530,581,1920,1996,1,288,1,6,Fa,0,7200,IDOTRR,TA,101000
8,1370,1370,1370,2006,2006,2,484,2,6,Gd,1,6442,NridgHt,Gd,202500
7,2207,1947,2207,1970,1989,2,576,2,7,TA,1,19900,NAmes,TA,180000
7,1479,1453,1479,2003,2003,2,558,2,7,Gd,0,10665,CollgCr,Gd,226000
4,747,747,747,1945,1950,1,220,1,4,TA,0,4608,OldTown,TA,80000
7,2287,1304,1304,1953,1953,2,667,2,7,TA,1,15593,ClearCr,Gd,225000
7,2223,2223,2223,1973,1973,2,516,2,8,TA,2,13651,NAmes,TA,244000
4,845,845,845,1982,2006,2,360,1,4,TA,0,7599,Mitchel,TA,129500
7,1718,832,885,1998,1998,2,427,2,7,TA,1,10141,Gilbert,TA,185000
5,1086,1086,1086,1954,2003,2,490,1,6,TA,0,10200,NAmes,TA,144900
3,1605,840,840,1915,1950,1,379,2,8,TA,0,5790,OldTown,Gd,107400
5,1285,672,1072,1948,2001,1,240,1,6,TA,0,8635,BrkSide,TA,127000
4,1768,1768,1768,1968,1968,0,0,2,8,TA,0,10778,Sawyer,TA,136500
5,1230,440,682,1910,1981,2,440,1,5,TA,0,10440,OldTown,TA,110000
8,1563,1563,1563,2007,2007,3,758,2,6,Gd,1,10206,Somerst,TA,245000
5,1065,1065,1065,1960,1960,2,461,1,6,TA,0,8892,NAmes,TA,126500
7,1474,384,804,1995,1996,2,400,2,7,TA,1,8530,Gilbert,TA,168500
6,1560,684,684,2005,2005,2,400,2,6,Gd,1,11911,Gilbert,Gd,174000
6,1224,612,612,2009,2009,2,528,2,4,Gd,0,3951,Somerst,Gd,164500
3,1526,1013,1013,1915,1982,0,0,1,6,Fa,0,8470,IDOTRR,Fa,85000
4,1040,0,1040,1950,1950,2,420,1,4,TA,0,7200,NAmes,TA,109900
5,1235,1235,1235,1961,1961,2,480,1,6,TA,0,8500,NAmes,TA,98600
5,964,876,964,1921,2006,2,432,1,5,TA,0,13360,Crawfor,TA,163500
6,1786,824,905,1997,1997,2,684,2,7,Gd,0,9337,CollgCr,TA,204750
6,1470,680,680,1993,1993,2,420,2,6,TA,1,9765,Gilbert,Ex,185000
4,960,960,960,1965,1965,1,432,1,6,TA,0,10921,Edwards,TA,94750
5,835,458,835,1920,1950,1,366,1,5,TA,0,10625,Edwards,TA,83000
6,1610,1610,1610,1977,2001,2,480,2,6,Gd,2,10603,NWAmes,TA,205000
6,1732,741,977,1985,1985,2,476,2,7,Gd,1,9206,SawyerW,Gd,178000
5,1535,0,1535,1979,1979,2,410,2,8,TA,0,7018,SawyerW,TA,118964
7,1226,1226,1226,2009,2009,3,740,2,6,Gd,0,10402,CollgCr,TA,198900
8,1992,1053,1053,2003,2004,2,648,2,9,Gd,1,9375,Somerst,Gd,250000
4,1047,641,1047,1885,1995,1,273,1,6,TA,0,10800,OldTown,TA,100000
5,789,789,789,1948,1950,1,250,1,5,TA,0,6000,OldTown,TA,115000
5,1517,793,997,1919,2005,0,0,2,7,Fa,0,8500,IDOTRR,TA,115000
6,1844,1844,1844,1977,1977,2,546,2,7,TA,1,11751,NWAmes,TA,190000
6,1855,994,1216,1954,1972,1,325,2,7,TA,0,9525,Edwards,TA,136900
7,1430,384,774,2000,2000,2,400,2,7,TA,1,7750,Gilbert,TA,180000
6,2259,1809,2259,1953,1953,2,450,2,7,Gd,2,21000,Crawfor,TA,217000
6,1458,729,729,1999,1999,2,440,2,5,TA,1,3230,Somerst,TA,176000
5,1092,1092,1092,1962,1962,1,288,1,6,TA,1,11616,Sawyer,TA,139000
7,3222,1673,1699,1990,1990,3,594,3,11,Gd,2,12376,SawyerW,TA,320000
6,1456,728,728,2005,2006,2,390,2,8,Gd,1,8461,CollgCr,Gd,163990
6,1080,1080,1080,1958,1958,1,288,1,5,TA,0,9464,NAmes,TA,136000
6,1199,1199,1199,1993,1993,2,530,2,5,Gd,0,7892,SawyerW,Gd,153900
6,1586,1362,1586,1979,1998,2,435,2,7,TA,1,17043,NWAmes,TA,181000
6,754,520,520,1935,1982,0,0,1,5,TA,0,6780,IDOTRR,TA,84500
6,958,1078,958,1976,1976,2,440,2,5,TA,1,4928,NPkVill,TA,128000
5,840,672,840,1930,1950,0,0,1,5,TA,1,4388,OldTown,TA,87000
6,1348,660,660,1966,1966,2,453,1,6,TA,1,7590,NAmes,TA,155000
5,1053,1008,1053,1958,1991,2,750,1,6,Ex,0,8973,NAmes,TA,150000
7,2157,924,1216,1966,1966,2,487,2,8,Gd,2,14200,NAmes,TA,226000
6,2054,992,1022,2000,2000,2,390,2,7,Gd,1,12224,Gilbert,Gd,244000
5,1327,1063,1327,1959,2002,2,624,1,7,Gd,0,7388,NAmes,TA,150750
8,1296,1267,1296,2001,2002,2,471,2,6,Gd,0,6853,Timber,Gd,220000
5,1721,1461,1721,1968,1993,2,440,2,7,TA,1,10335,Sawyer,TA,180000
7,1682,1304,1682,1970,1970,2,530,2,7,TA,1,10400,NWAmes,TA,174000
5,1214,1214,1214,1967,1967,1,318,2,5,TA,1,10355,NAmes,TA,143000
7,1959,1907,1959,1988,1989,3,766,3,9,TA,0,11070,Mitchel,TA,171000
8,1852,1004,1004,1999,2000,3,660,2,7,Gd,2,9066,CollgCr,Gd,230000
6,1764,928,928,1997,1997,2,470,2,7,Gd,0,15426,CollgCr,TA,231500
7,1734,1734,1734,2005,2005,2,660,2,7,Gd,0,11645,CollgCr,Gd,260000
5,1385,910,910,1952,1952,2,720,2,6,TA,0,8520,NAmes,TA,166000
7,1501,1490,1501,1999,1999,2,577,2,6,Gd,0,10335,CollgCr,Gd,204000
6,1709,970,970,2004,2006,2,380,2,7,Gd,0,2522,Edwards,Gd,130000
5,875,715,875,1931,1993,1,180,1,5,TA,0,6120,BrkSide,TA,105000
7,1080,1080,1080,2004,2005,0,0,1,6,Gd,0,7500,SawyerW,TA,141000
5,1344,896,896,1936,1950,1,240,1,7,TA,0,6240,BrkSide,TA,115000
5,969,969,969,1975,1975,2,440,1,5,TA,0,10356,CollgCr,TA,122000
8,1710,1710,1710,2007,2008,3,866,2,6,Gd,1,13891,NridgHt,Gd,372402
6,1993,825,1097,1971,1971,2,495,2,8,TA,1,14803,NWAmes,TA,190000
6,1252,1602,1252,1960,1975,2,564,1,4,TA,1,13500,ClearCr,TA,235000
6,1200,1200,1200,1923,1950,1,312,1,7,TA,0,11340,OldTown,TA,125000
6,1096,572,572,1924,1950,0,0,1,5,TA,0,9600,Edwards,TA,79000
5,1040,0,1040,1950,1950,2,625,1,5,TA,0,7200,NAmes,TA,109500
7,2462,1392,1392,2005,2006,2,576,2,9,Gd,1,19378,Gilbert,Gd,320000
6,1232,1232,1232,1984,1984,2,516,2,6,TA,0,11120,Veenker,TA,162500
9,2668,1572,1572,2003,2004,3,726,2,10,Ex,2,13688,NridgHt,Gd,412500
7,1541,1541,1541,2005,2005,2,532,2,7,Gd,1,12182,NridgHt,Gd,220000
4,882,882,882,1956,1956,0,0,1,4,TA,0,5500,OldTown,TA,103200
5,1355,644,808,1940,1999,0,0,2,6,TA,0,10106,Edwards,TA,127500
5,1867,1617,1867,1955,1993,1,303,1,7,TA,3,10708,ClearCr,Gd,190000
8,2161,1582,1610,2007,2007,3,789,1,8,Ex,1,10562,NridgHt,Gd,325624
8,1707,1686,1707,1981,1981,2,511,2,6,TA,1,16669,Timber,Gd,228000
5,1382,720,854,1941,1950,2,660,1,7,TA,0,12358,OldTown,TA,128500
6,1362,1362,1362,1961,1961,2,504,1,6,TA,1,10197,NAmes,TA,163000
6,1651,1606,1651,1986,1986,2,616,2,7,TA,1,12416,Timber,TA,184000
6,2158,1202,2158,1950,2001,2,576,2,7,Gd,1,12615,Edwards,TA,243000
6,2060,1151,1164,1988,1989,2,521,2,8,TA,1,10029,ClearCr,Gd,211000
5,1920,1052,1252,1958,1958,2,451,2,8,Gd,1,13650,Sawyer,Gd,172500
6,1525,756,769,2000,2000,2,440,2,5,Gd,1,2117,Somerst,Gd,177000
7,2082,1362,1362,2003,2003,2,484,2,6,Gd,0,11426,OldTown,TA,200000
5,1252,504,936,1908,1991,2,576,1,5,TA,0,7438,BrkSide,TA,127000
10,3608,1107,1518,1892,1993,3,840,2,12,Ex,2,22950,OldTown,Gd,475000
5,1656,660,808,1916,1987,1,180,2,8,TA,0,10410,OldTown,TA,135000
8,1593,1593,1593,2001,2002,2,682,1,5,Ex,1,4923,StoneBr,Gd,286000
8,2727,853,1549,1932,1994,2,440,2,10,Gd,2,10570,Crawfor,Gd,315000
7,1479,725,725,1972,2004,2,484,1,7,Gd,0,7472,NAmes,TA,184000
7,1431,1431,1431,1999,1999,2,666,2,6,Gd,0,9017,CollgCr,Gd,192000
5,864,864,864,1972,1972,1,352,1,5,TA,0,7180,CollgCr,TA,127000
6,1456,855,855,1976,1976,2,440,2,7,TA,1,2280,NPkVill,TA,148500
7,1726,1726,1726,2007,2007,3,786,2,8,Ex,1,9416,Somerst,Ex,311872
8,3112,1360,1360,1918,1990,2,795,2,8,Gd,1,25419,NAmes,Gd,235000
6,2229,755,929,1912,1950,0,0,1,8,TA,0,5520,OldTown,TA,104000
8,1713,1713,1713,2004,2005,3,856,2,7,Ex,1,9591,NridgHt,Gd,274900
4,1121,1121,1121,2003,2004,2,440,2,5,TA,0,8546,Edwards,TA,140000
6,1279,1196,1279,1977,1977,2,473,2,6,TA,2,10125,Mitchel,TA,171500
5,1284,720,720,1947,1950,1,240,1,5,TA,0,3500,OldTown,TA,110000
5,1696,1140,1696,1962,1962,1,349,1,8,TA,1,13673,Sawyer,TA,143900
4,1100,1100,1100,1960,1960,1,312,1,6,TA,1,12493,NAmes,TA,141000
7,2062,1157,1180,1988,1989,2,454,2,7,TA,1,14364,SawyerW,Gd,277000
6,1092,1092,1092,1964,1964,2,504,1,6,TA,0,8250,NAmes,TA,145000
5,864,864,864,1925,1950,0,0,1,5,TA,0,5604,Edwards,TA,98000
6,1212,1212,1212,2009,2009,2,460,2,6,Gd,0,10420,Edwards,TA,186000
7,1852,900,932,2009,2009,2,644,2,7,Gd,1,8640,Somerst,TA,252678
5,990,990,990,1995,1995,2,576,1,5,TA,0,13568,CollgCr,TA,156000
6,1392,689,689,1977,1977,1,299,1,6,TA,0,10900,CollgCr,TA,161750
5,1236,1070,1236,1957,1996,1,447,1,6,Gd,1,10011,NAmes,TA,134450
7,1436,1436,1436,2004,2004,2,484,2,8,Gd,0,8450,CollgCr,Gd,210000
7,1954,798,1137,1939,2006,2,431,1,8,Gd,2,15660,Crawfor,Gd,311500
7,1248,1248,1248,2005,2006,2,438,2,5,Gd,0,3010,Blmngtn,Gd,167240
7,1498,1498,1498,2006,2006,2,675,2,5,Gd,0,8990,CollgCr,Gd,204900
6,2267,1010,1010,2002,2002,2,390,2,8,Gd,1,8068,Gilbert,Gd,200000
6,1552,713,811,1975,1975,2,434,2,6,TA,1,11475,NWAmes,TA,179900
4,864,864,864,1971,1971,2,576,1,4,TA,0,10500,NAmes,TA,97000
10,2392,2392,2392,2003,2003,3,968,2,8,Ex,1,13472,NridgHt,Ex,386250
5,1302,630,630,1971,1971,1,280,2,6,TA,0,1680,BrDale,TA,112000
7,2520,1203,1214,1995,1995,3,721,2,9,Gd,1,9950,NoRidge,Gd,290000
6,987,483,483,1970,1970,1,280,1,5,TA,0,1869,BrDale,TA,106000
5,912,912,912,1967,1967,1,336,1,5,TA,1,8521,Sawyer,TA,125000
7,1555,1373,1555,2005,2006,2,430,2,7,Gd,1,3182,Blmngtn,Gd,192500
6,1194,1194,1194,1959,1959,1,312,1,6,TA,0,8760,NAmes,TA,148000
8,2794,1462,1490,1995,1996,3,810,2,9,Ex,1,15138,NoRidge,Gd,403000
6,987,483,483,1972,1972,1,288,1,5,TA,1,1680,BrDale,TA,94500
5,894,894,894,1976,1976,1,308,1,5,TA,0,10650,CollgCr,TA,128200
6,1960,860,860,2002,2002,2,440,2,8,Gd,2,7851,Gilbert,Gd,216500
6,987,483,483,1971,1971,1,264,1,5,TA,0,1680,BrDale,TA,89500
7,1414,1414,1414,2004,2004,2,494,2,6,Gd,0,8773,CollgCr,Gd,185500
7,1744,996,1014,1993,2003,2,457,2,7,Gd,0,9453,SawyerW,Gd,194500
8,1566,1566,1566,2008,2008,2,750,2,7,Gd,0,9000,Somerst,Gd,262500
5,866,686,866,1945,1997,0,0,1,4,Gd,0,3880,OldTown,TA,110500
5,1440,540,889,1900,1950,1,352,1,6,TA,0,5000,OldTown,TA,79000
6,1217,626,626,1980,1980,1,288,1,6,TA,1,10762,SawyerW,TA,120000
7,2110,948,1222,1994,2002,2,463,2,8,Gd,2,8880,SawyerW,Gd,205000
7,1872,1845,1872,1988,1988,2,604,2,6,TA,1,10400,NWAmes,TA,241500
6,1928,1020,908,1910,1950,1,440,2,9,Fa,0,9142,OldTown,TA,137000
6,1375,1367,1375,1954,1954,2,451,1,5,TA,1,11310,NAmes,TA,140000
6,2144,1444,1444,1958,2006,2,389,2,7,Gd,2,159000,ClearCr,Gd,277000
3,1306,728,1306,1940,1966,0,0,1,6,Fa,0,5350,BrkSide,TA,76500
8,1625,1573,1625,2006,2007,2,538,2,5,Gd,1,4750,Crawfor,Gd,235000
6,1640,798,798,2004,2004,2,520,2,6,Gd,0,8366,SawyerW,Gd,173000
6,1302,1302,1302,1964,1991,1,309,2,7,Gd,0,9350,NAmes,TA,158000
5,1314,1314,1314,1957,1957,1,294,1,5,TA,0,8400,NAmes,TA,145000
7,2291,975,1005,1999,1999,2,429,2,8,Gd,1,8738,Gilbert,Gd,230000
6,1728,864,864,2003,2003,2,673,2,7,Gd,0,8791,Somerst,Gd,207500
7,1792,963,963,2001,2001,2,564,2,7,Gd,1,12435,CollgCr,Gd,231500
6,1382,1362,1382,1962,1962,2,884,1,6,TA,1,19296,NAmes,TA,176000
8,2574,1482,1482,2007,2007,3,868,2,10,Ex,1,9588,CollgCr,Gd,276000
6,1212,506,1212,1977,1995,2,492,1,6,TA,1,8471,Sawyer,TA,151000
5,1316,926,926,1929,2001,2,484,1,6,TA,0,5500,OldTown,TA,130000
5,764,680,764,1925,2004,2,504,1,4,TA,0,5232,OldTown,TA,73000
6,1422,1422,1422,1981,1981,2,576,2,7,Gd,1,12090,NWAmes,TA,175500
6,1511,802,802,1997,1997,2,413,2,8,TA,1,11207,Gilbert,TA,185000
5,2192,720,1052,1939,1997,1,240,2,8,Gd,1,8400,SWISU,TA,179500
5,778,740,778,1940,1955,1,924,1,4,TA,1,6900,IDOTRR,TA,120500
6,1113,1143,1113,1976,1976,1,504,1,6,TA,1,7917,Edwards,TA,148000
8,1939,1095,1095,2006,2006,3,1053,2,8,Gd,1,10728,Somerst,Gd,266000
7,1363,1385,1363,1954,2005,2,439,1,5,TA,2,39104,ClearCr,TA,241500
8,2270,1152,1164,1999,2007,3,671,2,9,Gd,1,11764,NoRidge,Gd,290000
6,1632,1240,1632,1958,1988,1,338,2,6,TA,1,9600,NAmes,TA,139000
5,816,816,816,1982,1982,1,264,1,5,TA,0,8314,Mitchel,TA,124500
7,1548,952,952,1925,2007,2,672,2,5,Ex,0,7264,BrkSide,Gd,205000
9,2121,2121,2121,2006,2007,3,732,2,8,Ex,1,14450,NridgHt,Ex,415298
7,2022,1160,1156,1977,1977,2,505,2,8,TA,1,10005,ClearCr,TA,192000
7,1982,807,1175,1989,1989,2,575,2,7,Gd,1,11287,SawyerW,Gd,228500
6,1262,1262,1262,2006,2006,2,572,2,5,Gd,0,7200,Somerst,Gd,185000
7,1314,1314,1314,2007,2008,2,626,2,6,Gd,1,5063,NridgHt,Gd,207500
8,1468,1468,1468,2008,2009,3,898,2,6,Gd,1,9612,Somerst,Gd,244600
6,1575,1575,1575,1992,1992,2,529,2,5,Gd,0,8012,SawyerW,Gd,179200
7,1250,625,625,2006,2007,2,528,2,5,Gd,0,4251,Somerst,Gd,164700
6,1734,912,1085,1962,1981,2,440,1,7,Gd,1,9786,NAmes,TA,159000
4,858,858,858,1971,1971,0,0,1,5,TA,0,8125,NAmes,TA,88000
5,900,882,900,1967,1967,1,280,1,5,TA,0,9819,Sawyer,TA,122000
6,1396,698,698,1915,2003,1,384,1,7,TA,0,8730,BrkSide,TA,153575
5,1716,768,1148,1949,2008,1,281,1,8,TA,1,11409,Edwards,TA,131000
6,1644,1416,1644,1953,1953,2,418,1,7,TA,2,9600,NAmes,TA,167000
6,1003,1003,1003,1984,1984,2,588,1,6,TA,0,7937,Mitchel,TA,142500
7,1950,975,975,1997,1998,2,576,2,7,Gd,1,7399,Somerst,Gd,239000
6,1152,1092,1152,1950,2004,1,300,1,6,Gd,1,14000,Crawfor,TA,158500
5,1336,1165,1336,1953,1953,1,375,1,5,TA,2,15750,Crawfor,TA,157000
7,1541,1541,1541,2001,2002,3,843,2,6,Gd,1,13704,CollgCr,Gd,205000
5,894,894,894,1972,1972,2,552,1,5,TA,0,9800,CollgCr,TA,149900
7,3493,1470,1675,1880,2002,3,870,3,10,Gd,1,18386,OldTown,TA,295000
8,2000,2000,2000,2004,2005,3,888,2,8,Gd,0,10386,CollgCr,Gd,305900
7,2243,700,1122,1990,1991,3,746,2,8,Gd,1,13474,SawyerW,Gd,225000
6,1406,319,1035,1920,1950,0,0,1,6,Fa,0,7920,IDOTRR,TA,89500
4,861,861,861,1940,1950,2,539,1,4,TA,0,12342,Edwards,TA,82500
9,1944,1896,1944,2003,2004,3,708,2,8,Ex,3,12378,NridgHt,Gd,360000
6,972,972,972,1948,2002,1,240,1,5,TA,1,8000,NAmes,TA,132000
5,1118,793,793,1939,1950,2,410,1,5,TA,1,7800,OldTown,TA,119900
7,2036,2136,2036,1965,1965,2,513,2,8,TA,2,215245,Timber,TA,375000
7,1641,728,832,1925,1990,2,546,1,6,Ex,1,9600,OldTown,TA,178000
7,1432,716,716,2004,2005,2,432,2,6,Gd,1,7795,Gilbert,Gd,188500
7,2353,845,1153,1980,1980,2,484,2,10,Ex,1,13005,NWAmes,Gd,260000
7,2646,1347,1372,1993,1993,3,656,2,9,Gd,1,9900,NoRidge,Gd,260000
7,1472,1372,1472,1980,1980,2,588,2,6,TA,2,14115,NWAmes,TA,187500
9,2596,1249,1249,2006,2006,3,840,3,9,Gd,0,16259,NridgHt,TA,342643
7,2730,1502,1553,1986,1987,2,576,2,8,Gd,1,10380,SawyerW,Gd,301000
3,1163,1162,1163,1955,2005,1,220,1,6,TA,0,5820,OldTown,TA,126175
7,2978,710,1898,1967,2007,2,564,2,11,Gd,1,11275,NAmes,Gd,242000
5,803,720,803,1941,1950,2,360,1,5,TA,0,5000,IDOTRR,TA,87000
8,1719,1719,1719,1993,1993,2,473,1,6,Gd,2,10846,Veenker,Gd,324000
6,1383,1383,1383,1960,1960,1,292,1,7,TA,0,11600,NAmes,TA,145250
6,2134,844,1445,1916,1994,2,441,2,10,Gd,0,11888,BrkSide,TA,214500
5,1192,596,596,1920,1950,1,189,1,6,TA,0,6402,IDOTRR,TA,78000
5,1728,1728,1728,1964,1964,1,352,2,10,TA,0,10624,NAmes,TA,119000
6,1638,943,943,1998,1998,2,472,2,7,TA,2,9042,Gilbert,TA,192000
5,1786,1499,1619,1965,1965,2,529,2,7,TA,2,164660,Timber,TA,228950
9,1922,1922,1922,2005,2006,3,676,2,8,Gd,1,14157,StoneBr,Gd,377426
7,1536,1536,1536,2002,2003,2,532,2,7,Gd,0,9135,CollgCr,Gd,214000
7,1621,1208,1621,1984,1998,2,440,2,8,Gd,0,14145,NWAmes,Gd,202500
6,1215,1215,1215,1958,1998,1,297,1,6,TA,0,12400,NAmes,TA,155000
8,1908,967,993,2002,2002,2,431,2,9,Gd,0,14191,Timber,Gd,202900
4,841,721,841,1950,1950,1,294,1,4,TA,0,8400,SawyerW,Fa,82000
3,1040,0,1040,1949,1950,2,400,2,6,TA,0,8544,NAmes,TA,87500
9,1684,1684,1684,2005,2005,2,564,2,6,Ex,1,8849,NridgHt,Ex,266000
5,1112,536,536,1976,1976,1,336,1,4,TA,0,2592,MeadowV,TA,85000
6,1577,972,972,1939,1950,1,312,1,6,Fa,1,6435,BrkSide,TA,140200
6,958,958,958,1960,1998,1,301,1,5,TA,0,12772,NAmes,TA,151500
6,1478,1478,1478,1960,1960,2,498,2,6,TA,2,17600,NAmes,TA,157500
7,1626,764,764,2003,2004,2,474,2,6,Gd,0,2448,NridgHt,Gd,154000
9,2728,1848,1848,2005,2006,3,706,2,10,Ex,2,20431,NridgHt,Ex,437154
9,1869,1869,1869,2007,2007,2,617,2,6,Ex,1,7820,NridgHt,Ex,318061
7,1453,1453,1453,1986,1986,2,445,1,6,Gd,1,5271,ClearCr,TA,190000
5,1111,616,616,1941,1950,1,200,1,5,TA,0,9084,Edwards,TA,95000
6,720,624,720,1928,2003,2,484,1,5,TA,0,8520,OldTown,TA,105900
6,1595,940,1192,1940,2000,1,240,1,6,TA,2,8400,SWISU,TA,140000
6,1200,1200,1200,1995,1995,2,521,2,6,Gd,0,11249,CollgCr,Gd,177500
6,1167,1158,1167,1992,1992,2,400,2,6,Gd,0,9248,Gilbert,TA,173000
5,1352,1062,1352,1958,1958,1,288,1,6,Gd,0,6930,ClearCr,TA,130000
8,1924,1086,1086,1998,1998,2,592,2,7,Gd,1,12011,NoRidge,Gd,280000
6,912,888,912,1978,1978,2,470,1,5,TA,1,7540,Mitchel,TA,156000
5,1505,883,988,1940,1982,1,240,1,8,TA,0,9144,BrkSide,TA,145000
7,1922,0,495,2003,2003,2,672,3,7,Gd,1,7301,Edwards,Gd,198500
6,987,483,483,1972,2007,1,264,1,5,Gd,0,1680,BrDale,TA,118000
6,1394,1394,1394,1963,1963,2,514,1,6,TA,2,9500,NAmes,TA,159000
6,1431,1099,1431,1962,1962,1,296,1,6,TA,1,9150,NAmes,TA,165000
5,1268,1268,1268,1954,1954,1,244,1,7,TA,1,7800,NAmes,TA,132000
5,1287,1063,1287,1959,2006,2,576,1,7,Gd,1,9830,NAmes,TA,162000
6,1664,953,953,2000,2000,2,460,2,7,TA,1,8121,Gilbert,TA,172400
4,1588,0,1120,1959,1959,2,680,2,7,TA,1,17120,ClearCr,TA,134432
6,752,744,752,1984,1984,1,264,1,4,TA,0,7175,SawyerW,TA,125000
5,1319,608,1319,1953,1953,1,270,1,5,TA,0,10634,NAmes,TA,123000
7,1928,847,847,2003,2004,2,434,2,8,Gd,1,8200,CollgCr,Gd,219500
8,2466,1580,1580,2004,2005,2,610,3,8,Gd,1,11143,Somerst,Gd,340000
9,1856,1856,1856,2010,2010,3,834,1,8,Ex,1,11394,StoneBr,Gd,394432
5,1691,1026,1026,1924,1950,1,308,2,6,Gd,1,5000,SWISU,TA,127000
7,1301,1293,1301,2006,2006,2,572,2,5,Gd,1,7200,Somerst,Gd,187750
7,1797,939,939,2006,2006,2,639,2,8,Gd,0,9245,CollgCr,Gd,213500
6,784,784,784,1928,1950,2,360,1,5,TA,0,9000,SawyerW,TA,76000
6,1953,1580,1079,1992,1992,2,501,2,9,Gd,2,53107,ClearCr,Gd,240000
8,1269,1256,1269,2004,2005,2,430,2,6,Gd,1,3182,Blmngtn,Gd,192000
5,1184,658,658,1910,1996,0,0,1,8,TA,0,8410,Edwards,TA,81000
6,1125,1041,1125,1976,1976,1,352,1,6,TA,1,7200,Edwards,TA,125000
7,1479,1468,1479,1999,2000,2,577,2,6,Gd,0,9382,CollgCr,Gd,191000
10,2332,1682,1742,2007,2008,3,846,2,9,Ex,1,12474,NridgHt,Ex,426000
5,1367,861,961,1900,1950,1,384,1,7,TA,0,8405,Edwards,TA,119000
5,882,0,882,1959,1959,1,294,1,5,TA,0,8339,NAmes,TA,106500
5,1144,1144,1144,1956,1956,1,596,1,6,TA,0,9571,Edwards,TA,129000
5,894,894,894,1972,1972,2,600,1,6,TA,0,7200,CollgCr,TA,123000
5,1812,864,876,1962,1962,1,264,2,8,TA,1,7590,NAmes,TA,169500
5,1077,961,1077,1920,1950,1,338,1,6,TA,0,8967,IDOTRR,TA,67000
7,1550,1092,1112,2006,2007,2,438,2,7,Gd,0,8125,Somerst,Gd,241000
8,1288,1260,1288,1996,1996,2,500,1,4,Ex,2,14963,Veenker,Gd,245500
5,672,672,672,1940,1997,1,240,1,4,TA,0,10200,Sawyer,TA,108000
6,1572,806,806,1995,1996,2,373,2,7,TA,1,10364,Gilbert,TA,168000
4,1620,1281,1620,1976,1993,2,490,2,8,TA,1,9991,Sawyer,TA,150000
6,1639,1064,1166,1936,1950,1,240,1,6,TA,0,10480,SWISU,TA,115000
6,1680,840,840,1915,1976,1,308,2,8,TA,0,15576,Crawfor,TA,177000
7,2172,1063,1071,2006,2006,3,947,2,9,Gd,1,14154,NridgHt,Gd,280000
8,2078,1034,1050,2007,2008,3,836,2,8,Ex,1,10800,Somerst,Gd,339750
5,1276,1276,1276,1958,1958,1,350,1,5,TA,0,9571,Edwards,TA,60000
5,1056,1056,1056,1955,1955,2,572,1,5,TA,0,34650,Gilbert,TA,145000
7,2097,1080,1080,1993,1993,3,678,2,9,Gd,1,11228,SawyerW,Gd,228000
7,1340,1340,1340,2007,2007,2,396,2,6,Gd,0,8899,Gilbert,Gd,181134
6,1400,672,672,1978,1978,2,440,1,6,TA,1,7844,Sawyer,TA,149500
5,1134,756,756,1940,1950,1,240,1,7,TA,0,8160,Edwards,TA,126000
5,1056,1056,1056,1968,1968,1,304,1,6,TA,1,8450,NAmes,TA,142000
7,1344,1344,1344,1997,1998,4,784,2,8,TA,0,7060,Mitchel,TA,206300
6,1602,1602,1602,1977,2000,2,529,2,8,Gd,1,16635,NWAmes,Gd,215000
5,988,988,988,1954,1954,2,520,1,4,TA,0,21750,Mitchel,TA,113000
8,2630,1470,1470,1998,1998,3,696,2,8,Gd,1,9200,NoRidge,Gd,315000
6,1196,1196,1196,1956,1956,1,297,1,6,TA,1,9000,NAmes,TA,139000
7,1389,651,707,1946,1992,1,240,1,6,TA,2,3378,OldTown,TA,135000
4,907,907,907,1957,1957,1,352,1,5,TA,0,8593,NAmes,TA,109008
7,1208,1208,1208,2007,2007,2,628,2,6,Gd,0,6762,CollgCr,Gd,195400
6,1412,1392,1412,1988,1988,2,576,2,6,Gd,1,11457,Timber,TA,175000
6,987,483,483,1971,1971,1,264,1,4,TA,0,1680,BrDale,TA,85400
6,1198,901,1088,1920,1998,0,0,1,7,TA,0,5586,OldTown,TA,79900
5,1365,765,765,1971,1971,2,440,1,6,TA,0,1920,BrDale,TA,122500
6,1604,926,926,1997,1998,2,470,2,7,TA,1,10839,Gilbert,TA,181000
4,630,630,630,1972,1972,0,0,1,3,TA,0,1890,MeadowV,TA,81000
7,1661,799,827,1996,1996,2,550,2,6,Gd,1,10667,CollgCr,Gd,212000
6,1118,648,734,1920,1950,2,440,1,6,TA,0,4400,OldTown,TA,116000
6,904,884,904,1926,2004,1,180,1,4,TA,0,6000,BrkSide,Gd,119000
5,694,440,694,1913,2002,1,352,1,4,Gd,1,4280,Crawfor,TA,90350
6,1196,684,684,1920,2000,2,528,1,7,Gd,0,12354,Edwards,TA,110000
10,2402,3094,2402,2008,2008,3,672,2,10,Ex,2,15431,NridgHt,Ex,555000
4,1440,1440,1440,1955,1955,0,0,2,8,Fa,0,12108,Edwards,TA,118000
7,1258,1258,1258,2006,2007,3,648,2,6,Gd,1,3922,Blmngtn,Gd,172500
6,1689,1436,1689,1956,1956,2,480,1,7,TA,1,9855,Edwards,TA,127500
6,1888,1517,1888,1966,2002,2,578,2,6,Gd,1,16492,NAmes,Gd,190000
7,1886,930,956,1998,1999,2,431,2,10,Gd,1,11214,Gilbert,Gd,199900
6,1376,780,780,1937,1950,1,198,2,7,TA,1,8600,IDOTRR,TA,119500
3,1183,649,679,1948,2002,1,308,1,6,TA,0,6000,OldTown,TA,120000
6,813,813,813,1930,2005,1,270,1,5,Gd,0,5684,OldTown,TA,110000
7,1533,1533,1533,1975,1975,2,576,2,5,Gd,2,70761,ClearCr,TA,280000
6,1756,872,888,1996,1997,2,422,2,7,TA,0,9303,Timber,Gd,204000
8,1590,768,786,2008,2008,2,676,2,6,Gd,0,9000,Somerst,Gd,210000
5,1728,1728,1728,1976,1976,2,560,2,8,TA,0,9297,Mitchel,TA,188000
7,1242,1242,1242,1973,1973,2,528,1,6,TA,1,9600,NWAmes,TA,175500
5,1344,624,624,1916,1950,3,513,1,7,TA,0,4571,OldTown,TA,98000
8,1666,588,833,1925,1996,1,228,1,7,Gd,1,5100,OldTown,TA,161000
5,1203,709,979,1950,1950,1,352,1,5,Gd,1,7015,BrkSide,TA,110000
8,1935,832,832,2009,2009,2,552,2,8,TA,0,8004,Somerst,Gd,263435
7,1135,560,575,1936,2007,2,576,1,6,Gd,0,7200,SWISU,Gd,155000
5,864,864,864,1965,1965,1,360,1,5,TA,1,8281,Sawyer,TA,62383
6,1660,715,849,1934,1995,1,240,1,6,TA,1,11988,Crawfor,TA,188700
7,1414,1375,1414,2004,2004,2,398,2,6,Gd,1,3072,Blmngtn,Gd,178740
7,1277,1277,1277,1970,1970,2,526,1,5,TA,1,10628,NAmes,TA,167000
5,1644,728,888,1942,1995,1,312,1,7,Gd,2,9480,NAmes,TA,146500
6,1710,832,832,1993,1993,2,506,2,7,Gd,0,9291,SawyerW,Gd,187000
8,1502,1488,1502,1985,1985,2,528,1,4,Gd,0,6820,StoneBr,Gd,212000
7,1969,808,1161,1977,1977,2,534,2,8,TA,1,11952,NWAmes,TA,190000
8,1976,1976,1976,2006,2007,3,908,2,7,Gd,1,14977,NridgHt,Gd,440000
8,1652,1494,1652,2000,2000,2,499,2,6,Ex,0,5330,StoneBr,Gd,251000
5,970,970,970,1963,1963,2,624,1,5,TA,0,8480,Sawyer,TA,132500
9,2643,2153,2069,2006,2006,3,694,2,9,Ex,1,13693,NridgHt,Ex,380000
8,1718,1705,1718,2007,2008,3,826,2,7,Gd,1,10637,CollgCr,Gd,297000
4,1131,907,1131,1937,2000,2,672,1,7,TA,0,5925,OldTown,TA,89471
9,1850,1833,1850,2004,2005,3,772,2,8,Gd,1,16033,NridgHt,Gd,326000
9,1792,1792,1792,2003,2004,3,874,2,6,Ex,1,11846,NridgHt,Gd,374000
7,1826,910,916,1915,2005,1,164,1,7,Ex,1,2500,OldTown,Gd,155000
6,1216,1216,1216,1998,1998,2,402,2,5,TA,0,4500,Mitchel,TA,164000
5,999,999,999,1962,2001,1,264,1,6,Gd,0,7758,Sawyer,TA,132500
5,1113,1113,1113,1950,2007,1,264,1,5,Gd,1,9600,NAmes,Gd,147000
5,1073,1073,1073,1965,1965,2,515,1,6,TA,0,10289,NAmes,TA,156000
5,1484,1484,1484,1971,1971,2,487,2,7,TA,1,12243,NWAmes,TA,175000
5,2414,954,1766,1900,1970,2,520,2,10,TA,1,10800,OldTown,TA,160000
4,630,630,630,1970,2002,1,286,1,3,Gd,0,1526,MeadowV,TA,86000
5,1304,264,616,1976,1976,1,336,1,4,TA,1,2665,MeadowV,TA,115000
6,1578,806,958,1941,1950,1,240,1,5,Fa,2,9490,NAmes,TA,133000
6,1456,728,728,2006,2006,2,429,2,8,TA,0,15578,Gilbert,Gd,172785
5,1269,1269,1269,1960,1960,1,308,1,6,TA,1,7931,NAmes,TA,155000
5,886,190,886,1938,1996,1,273,1,4,TA,0,5784,OldTown,TA,91300
4,720,720,720,1920,1950,0,0,1,4,TA,0,7879,IDOTRR,TA,34900
8,3228,3200,3228,1992,1993,2,546,3,10,Gd,1,12692,NoRidge,Gd,430000
7,1820,1026,1133,1925,1950,1,240,2,8,TA,0,9120,BrkSide,TA,184000
5,912,912,912,1958,1985,1,297,1,5,TA,0,7535,NAmes,TA,120000
6,1218,672,672,1973,1973,1,264,1,7,TA,0,1890,BrDale,TA,113000
5,1214,1214,1214,1965,1965,2,461,1,6,TA,0,9170,Edwards,TA,140000
7,1801,1501,1801,1959,1997,2,484,2,6,TA,2,15602,Crawfor,TA,289000
6,1218,1218,1218,2009,2009,2,676,2,4,Gd,0,7862,Somerst,Gd,208300
7,1378,689,689,1928,2005,2,360,2,7,Gd,1,9600,OldTown,TA,161000
5,1041,1041,1041,1959,1959,1,270,1,6,TA,0,9600,NAmes,TA,124500
5,1363,1008,1363,1951,2000,1,288,1,6,TA,2,14559,NAmes,Gd,164900
7,1368,1368,1368,2005,2006,2,474,2,6,Gd,1,6792,NridgHt,Gd,202665
6,1080,1084,1080,1983,1983,2,484,1,5,TA,0,9187,Mitchel,TA,134000
5,789,768,789,1926,1950,1,200,1,5,TA,0,10594,Crawfor,TA,96500
10,2020,2006,2020,2009,2009,3,900,2,9,Ex,1,12220,NridgHt,Ex,402861
7,2344,1264,1277,1996,1997,3,889,2,7,Gd,1,10208,NoRidge,Gd,265000
7,2080,1276,1276,1926,2004,1,282,1,9,Gd,2,10918,Crawfor,Gd,234000
6,1664,1004,1004,1947,1950,2,420,2,7,TA,2,5000,BrkSide,TA,159000
10,4676,3138,3138,2007,2008,3,884,3,11,Ex,1,40094,Edwards,Ex,184750
7,2398,1379,1383,1996,1997,3,834,2,8,Gd,1,11787,NoRidge,Gd,315750
7,1266,1257,1266,2005,2005,2,453,2,6,Gd,1,7500,Somerst,Gd,176000
5,928,928,928,1956,2000,1,252,1,4,TA,0,13300,NAmes,TA,132000
9,2713,1452,1476,2008,2008,3,858,2,11,Ex,1,14948,NridgHt,Ex,446261
4,605,528,605,1920,2002,0,0,1,5,TA,0,9098,Edwards,TA,86000
6,2515,2035,2515,1957,1975,2,484,3,9,TA,2,32668,Crawfor,Gd,200624
6,1509,1461,1509,1988,1989,2,600,2,5,Gd,1,10200,Timber,Gd,175000
6,1362,611,751,1920,1999,2,502,2,6,TA,0,6155,BrkSide,TA,128000
5,827,0,827,1955,2007,1,392,1,5,TA,1,7200,NAmes,TA,107500
1,334,0,334,1946,1950,0,0,1,2,Fa,0,5000,BrkSide,Fa,39300
8,1414,707,707,2004,2004,2,403,2,6,Gd,1,9056,Gilbert,Gd,178000
5,1347,1117,820,1910,1991,0,0,1,5,TA,0,7000,Edwards,TA,107500
7,1724,880,880,1998,1999,2,527,2,8,Gd,0,8924,CollgCr,TA,188000
4,864,864,864,1972,1972,2,576,1,5,TA,0,12735,NAmes,TA,111250
5,1159,1051,1159,1968,1968,1,336,1,7,TA,1,11553,Sawyer,TA,158000
9,1838,1838,1838,2006,2006,3,765,2,8,Ex,1,14601,Timber,Ex,315000
8,2285,969,997,2000,2000,3,648,2,8,Gd,1,11000,NoRidge,Gd,248000
7,1680,1650,1680,1998,1999,2,583,2,7,Gd,1,10140,NWAmes,Gd,213250
7,767,723,767,1998,1998,1,367,1,4,TA,0,4058,NAmes,TA,133000
7,2183,1204,1377,1988,1988,3,786,2,9,Gd,0,13837,NWAmes,Gd,229000
6,1635,1065,915,1923,1950,2,440,1,6,TA,1,8737,BrkSide,TA,210000
5,825,825,825,1955,1995,2,720,1,4,TA,0,8235,OldTown,TA,125000
7,2094,912,912,2003,2004,2,615,2,8,Gd,1,9375,Somerst,Gd,263000
5,928,928,928,1957,1957,1,288,1,5,TA,0,6000,OldTown,TA,112500
8,1717,1709,1717,2006,2006,3,908,2,7,Gd,1,11146,NridgHt,Gd,255500
4,1126,0,1126,1949,2003,2,520,2,5,Gd,0,8777,Edwards,TA,108000
5,1048,993,1048,1922,1950,1,280,1,5,TA,1,6380,BrkSide,TA,113000
5,1092,1092,1092,1957,1957,1,299,1,6,TA,1,14850,NAmes,TA,141000
4,1336,637,897,1920,1950,1,570,1,7,TA,0,11040,IDOTRR,TA,108000
7,1446,729,729,1996,1997,2,406,2,6,TA,1,21872,Gilbert,TA,175000
7,1557,1374,1557,2003,2004,2,420,2,7,Gd,1,3196,Blmngtn,Gd,234000
5,1392,1392,1392,1957,1996,2,528,1,5,TA,1,11341,Sawyer,TA,121500
5,1389,1389,1389,1974,1975,2,418,1,6,TA,1,10010,Mitchel,TA,170000
5,996,996,996,1940,1969,0,0,1,6,TA,1,13907,Edwards,TA,108000
6,1674,1163,1163,1918,1950,2,396,2,8,TA,1,21780,Edwards,TA,185000
7,2295,1095,1166,1992,2000,2,590,2,9,Gd,1,13346,NoRidge,Gd,268000
6,1647,806,841,1915,1950,1,216,1,6,Fa,0,6858,SWISU,TA,128000
9,2504,1122,1134,2005,2007,3,656,2,11,Ex,1,11198,StoneBr,Gd,325000
8,2132,1496,1496,1983,2009,2,612,1,5,Gd,1,12327,SawyerW,Gd,316600
5,943,943,943,1979,1979,2,600,1,4,TA,2,7032,NAmes,TA,135960
6,864,864,864,1959,1959,1,288,1,4,Gd,0,7332,NAmes,TA,120000
7,1692,846,846,2009,2009,2,650,2,6,Gd,0,13159,Timber,TA,224500
7,1430,384,774,2000,2000,2,400,2,8,TA,1,9967,Gilbert,TA,170000
5,1109,372,576,1971,2005,1,288,1,5,TA,0,10500,NAmes,TA,139000
5,1216,832,832,1947,1950,1,336,1,6,TA,0,8480,NAmes,TA,118500
7,1477,861,877,1928,1950,1,216,2,6,TA,1,6292,SWISU,TA,145000
5,1320,1164,1320,1966,1966,2,564,1,6,TA,2,11777,Sawyer,TA,164500
7,1392,689,703,2007,2007,2,540,2,5,Gd,0,3604,Somerst,Gd,146000
5,1795,1050,1050,1954,1954,1,352,2,7,TA,0,12150,OldTown,TA,131500
6,1429,1144,1429,1960,1987,2,572,1,7,Gd,2,14585,NAmes,TA,181900
8,2042,2042,2042,2008,2009,3,1390,2,8,Ex,1,12704,NridgHt,Ex,253293
6,816,816,816,1990,1990,0,0,1,5,TA,0,11841,Edwards,TA,118500
10,2775,1237,1521,1893,2000,2,880,3,9,Gd,1,13500,OldTown,Ex,325000
4,1573,884,989,1935,1995,1,240,1,6,Gd,0,6120,BrkSide,TA,133000
8,2028,1868,2028,2005,2006,3,880,2,7,Gd,2,11443,Timber,Gd,369900
6,838,816,838,1918,2000,1,275,1,5,Fa,0,10267,BrkSide,TA,130000
5,860,840,860,1982,1982,2,528,1,4,TA,0,8740,Sawyer,TA,137000
5,1473,1437,1473,1968,2003,1,452,1,5,Ex,2,25095,ClearCr,TA,143000
5,935,742,779,1930,1960,1,308,1,4,TA,0,9100,BrkSide,TA,79500
7,1582,770,770,2004,2004,2,520,2,6,Gd,0,8320,CollgCr,Gd,185900
10,2296,1722,1728,2008,2008,3,842,2,10,Ex,1,13478,NridgHt,Ex,451950
5,816,816,816,1982,2003,2,816,1,4,TA,0,6600,Mitchel,TA,138000
6,848,848,848,2003,2003,2,420,1,4,Gd,0,4435,CollgCr,Gd,140000
5,924,924,924,1975,1975,1,280,1,5,TA,0,7990,CollgCr,TA,110000
8,1826,1814,1826,2005,2006,3,758,2,7,Gd,1,11302,StoneBr,Gd,319000
6,1368,684,684,1910,1993,1,216,1,7,TA,0,3600,OldTown,TA,114504
7,1402,1258,1402,2006,2007,3,648,0,7,Gd,1,3922,Blmngtn,Gd,194201
5,1647,1430,1647,1977,1977,2,621,2,7,Gd,1,12984,Crawfor,TA,217500
6,1556,716,716,1980,1980,2,452,2,6,TA,1,1950,Blueste,TA,151000
8,1904,1058,1058,2005,2005,2,736,2,8,Ex,1,10927,NridgHt,Gd,275000
8,1915,908,927,1992,1992,2,506,2,8,Gd,1,10041,SawyerW,Gd,220000
7,1200,600,600,2004,2005,2,480,2,4,Gd,0,3182,Somerst,Gd,151000
7,1494,1494,1494,2002,2002,2,530,2,6,Gd,1,12803,CollgCr,Gd,221000
8,3194,965,1940,1934,1998,2,380,2,10,TA,2,12168,Crawfor,TA,359100
9,2153,1440,1476,2000,2000,3,736,2,8,Ex,2,11050,CollgCr,Gd,313000
6,1032,1032,1032,1978,1978,2,564,2,6,TA,1,10395,NWAmes,TA,148000
8,1872,1299,1299,2001,2001,2,531,2,7,Ex,1,11885,CollgCr,Gd,261500
5,1120,1120,1120,2007,2007,0,0,1,6,TA,0,8402,Mitchel,TA,147000
4,630,630,630,1972,1972,0,0,1,3,TA,0,1491,MeadowV,TA,75500
6,1054,936,1054,1963,1963,2,480,1,6,Gd,0,8800,NAmes,TA,137500
6,1509,783,807,2002,2003,2,393,2,7,Gd,1,7861,Gilbert,Gd,183200
6,832,832,832,1954,1954,2,528,1,4,Gd,0,7227,NAmes,TA,105500
9,1828,1822,1828,2007,2007,3,774,2,9,Gd,1,11694,NridgHt,Ex,314813
8,2262,1482,1482,2003,2003,3,749,2,10,Gd,2,12244,Timber,Gd,305000
3,864,864,864,1914,1950,0,0,1,5,TA,0,8248,Edwards,TA,67000
6,2614,1522,1548,1974,1997,2,624,2,9,TA,1,10800,NWAmes,TA,240000
6,1512,756,756,2000,2000,2,440,2,4,Gd,1,2117,Somerst,Gd,168500
6,1116,1116,1116,1962,1962,2,440,1,5,TA,0,10000,NAmes,TA,160000
6,1520,1156,1520,1955,1972,1,364,1,7,TA,2,9600,NAmes,TA,153000
5,2080,1040,1040,1969,1969,2,504,1,9,Fa,2,11606,NAmes,TA,135000
6,1350,1248,1350,1964,1964,2,520,1,6,TA,0,9020,NAmes,TA,168500
5,1750,636,1089,1880,1991,1,240,1,8,Ex,0,9000,OldTown,TA,124000
8,1554,1554,1554,2006,2006,2,627,2,6,Gd,1,4590,NridgHt,Gd,209500
7,1411,1386,1411,1977,1977,2,544,2,6,TA,1,11900,NWAmes,TA,82500
5,1056,1056,1056,1954,2005,1,260,1,6,TA,0,9250,NAmes,TA,139400
6,1056,1056,1056,1980,1980,2,576,0,4,TA,0,6979,OldTown,TA,144000
6,3395,1440,1440,1914,1995,0,0,2,14,Fa,0,10896,SWISU,Fa,200000
2,800,264,800,1936,1950,0,0,1,4,Fa,1,6120,BrkSide,Fa,60000
5,1387,811,811,1954,1954,1,256,2,7,Gd,0,6000,OldTown,TA,93000
8,1567,1520,1567,2006,2006,3,648,2,7,Ex,1,3982,Blmngtn,Gd,264561
7,1929,1057,1057,2001,2001,2,650,2,7,Gd,1,7050,Somerst,Gd,226000
8,2704,1952,2000,1972,1995,2,538,2,9,Ex,3,13860,NAmes,Gd,345000
5,1620,780,780,1969,1969,2,462,2,7,TA,0,10793,NWAmes,TA,152000
9,1766,1766,1766,2009,2009,3,478,2,7,Ex,1,9187,Somerst,Ex,370878
6,981,981,981,1971,1971,2,576,1,5,TA,0,10530,NAmes,TA,143250
5,1048,0,1048,1950,1950,2,420,1,7,TA,0,7200,NAmes,TA,98300
6,1094,1094,1094,1953,1953,2,495,1,5,TA,2,10452,Edwards,TA,155000
6,1839,756,1051,1966,1966,2,442,1,7,TA,1,7700,NAmes,TA,155000
4,630,630,630,1970,1970,0,0,1,3,TA,0,1936,MeadowV,TA,84500
7,1665,813,822,2007,2007,2,562,2,7,Gd,0,8125,Somerst,Gd,205950
4,1510,755,755,1940,1950,1,296,1,7,TA,1,9084,Edwards,TA,108000
7,1716,880,909,1996,1996,2,512,2,7,Gd,1,8750,CollgCr,Gd,191000
6,1469,756,756,1906,1995,1,216,1,7,TA,0,10320,IDOTRR,TA,135000
8,2113,2109,2113,1995,1995,3,839,2,7,Gd,1,10437,NoRidge,Gd,350000
6,1092,525,525,1971,1971,1,264,1,6,TA,0,1680,BrDale,TA,88000
5,1053,1053,1053,1959,2006,1,312,1,5,Gd,0,10007,NAmes,Gd,145500
7,1502,776,851,1931,2000,1,270,1,6,TA,1,7200,Crawfor,TA,149000
6,1458,912,912,1948,1950,1,330,1,6,TA,1,17503,NAmes,TA,97500
5,1486,1486,1486,1964,1999,2,480,1,7,TA,0,9937,Edwards,TA,167000
7,1935,793,1142,1976,1976,2,550,2,7,TA,1,12384,NWAmes,TA,197900
6,1392,1392,1392,1968,1968,2,576,1,5,TA,2,13560,NAmes,TA,110000
4,1181,1138,1181,1972,1972,2,588,2,6,TA,0,10012,Edwards,TA,137500
8,2097,2077,2097,2005,2006,3,1134,1,8,Ex,1,20896,Somerst,Gd,423000
6,2380,1021,1465,1965,1979,2,596,2,7,TA,1,18450,NAmes,TA,129000
6,1679,1408,1679,1994,1998,2,575,2,7,Gd,1,8125,SawyerW,TA,193500
5,1437,1188,1437,1956,1987,2,576,1,6,TA,1,14175,Sawyer,TA,168000
4,1180,700,1180,1922,1950,1,252,1,5,Fa,1,11600,Crawfor,TA,137500
6,1476,738,738,2005,2005,2,540,2,7,Gd,0,8633,CollgCr,Gd,173500
6,1369,672,697,1925,1950,1,300,2,6,TA,0,6629,Edwards,TA,103600
6,1208,1208,1208,1977,1977,2,546,1,6,TA,1,11250,Veenker,Gd,165000
6,1839,1477,1839,1957,2004,2,416,2,7,Gd,2,14442,Crawfor,TA,257500
6,1136,1136,1136,1965,1965,1,384,1,5,TA,1,9200,NAmes,TA,140000
4,1774,1095,1095,1900,1950,3,779,2,8,TA,0,9600,OldTown,TA,87000
5,792,768,792,1924,2006,1,240,1,5,Gd,0,9022,OldTown,Gd,109500
8,2046,2046,2046,2008,2008,3,834,2,7,Gd,1,11844,StoneBr,Gd,372500
5,988,988,988,1961,1961,2,572,1,5,TA,0,9945,Sawyer,TA,128500
5,1520,793,848,1932,2000,1,281,1,6,TA,0,4500,SWISU,TA,159434
9,1668,1626,1668,2002,2002,3,702,2,7,Gd,1,11248,CollgCr,Gd,285000
8,1419,1419,1419,2007,2007,2,567,2,7,Gd,1,8089,StoneBr,Gd,392000
6,1362,1362,1362,2005,2006,2,460,2,6,Gd,1,7577,NridgHt,Gd,194700
10,4316,2444,2444,1994,1995,3,832,3,10,Ex,2,21535,NoRidge,Ex,755000
7,2519,1210,1238,1989,1990,2,628,2,9,Gd,2,26178,Timber,Gd,335000
5,1073,1073,1073,1921,1968,1,326,1,4,TA,0,5400,OldTown,TA,108480
6,1137,1112,1137,1987,1987,2,551,2,5,Gd,1,13811,Timber,TA,176000
5,616,616,616,1921,1950,1,205,1,4,TA,0,6000,BrkSide,TA,89000
5,1148,980,1148,1952,1952,1,308,1,6,TA,0,6420,Edwards,TA,123500
5,894,894,894,1965,2009,1,336,1,5,TA,1,8450,Sawyer,TA,138500
7,1391,1391,1391,2004,2004,2,530,2,5,Gd,0,4282,Somerst,Gd,196000
8,1800,1800,1800,2002,2002,3,765,2,7,Gd,1,14331,Timber,Gd,312500
7,1164,1164,1164,1969,1969,2,528,1,6,TA,0,9600,NWAmes,TA,140000
5,1812,360,1032,1900,1996,2,672,2,8,Gd,1,7630,OldTown,TA,140000
7,1484,1473,1484,2004,2005,2,606,2,7,Gd,0,8400,CollgCr,Gd,213000
8,1324,1324,1324,2006,2006,2,550,2,6,Gd,1,6240,NridgHt,Gd,254000
7,1456,728,728,2007,2007,2,400,2,8,Gd,1,9018,Gilbert,Gd,179540
5,904,876,904,1966,1966,1,408,1,6,TA,0,7162,Sawyer,TA,109900
4,1178,859,859,1900,1950,1,384,1,7,TA,0,8712,IDOTRR,TA,102776
4,960,960,960,1970,1970,2,576,1,6,TA,0,9873,BrkSide,TA,129000
6,1479,725,725,1976,2005,2,475,2,6,Gd,0,13517,Sawyer,Gd,130500
7,2554,718,1576,1890,1998,2,704,1,8,TA,0,10800,OldTown,TA,159500
5,1178,1176,1178,1973,2000,2,439,1,5,Gd,1,10000,NWAmes,TA,157000
7,2418,1311,1325,1993,1994,3,983,2,9,Gd,1,10542,NoRidge,Gd,341000
5,971,971,971,1969,1969,1,300,1,5,TA,1,9920,CollgCr,TA,128500
8,1742,1742,1742,1985,1985,2,564,2,5,Gd,1,6563,StoneBr,Gd,275000
4,864,864,864,1970,1970,2,463,1,5,TA,0,8120,NAmes,TA,124500
4,864,864,864,1970,1970,2,660,1,5,Gd,0,6960,NAmes,TA,120500
6,1680,880,1680,1988,2007,2,540,2,5,Gd,1,21695,Crawfor,Gd,222000
7,1232,1232,1232,2007,2007,2,632,2,6,Gd,0,7314,CollgCr,Gd,194500
5,1776,1584,1776,1958,1958,3,888,2,9,TA,0,11475,NAmes,TA,110000
4,1208,780,848,1925,1950,2,539,1,5,TA,0,6240,IDOTRR,TA,103000
8,1616,1595,1616,1995,1996,2,608,2,5,Gd,1,5389,StoneBr,Gd,236500
7,2031,1153,1153,1998,1999,2,541,2,8,Gd,1,11404,CollgCr,Gd,222500
5,948,948,948,1968,1968,1,300,1,6,TA,0,8978,Sawyer,TA,108000
7,1768,880,880,1914,1970,2,320,1,6,TA,2,10800,OldTown,TA,163000
3,1040,0,1040,1950,1950,2,400,2,6,TA,0,8544,NAmes,TA,93500
8,1801,893,901,2005,2005,3,800,2,8,Gd,1,10463,Gilbert,Gd,239900
7,1728,864,864,2004,2004,2,572,2,7,Gd,0,9313,CollgCr,Gd,190000
5,1432,264,768,1910,2002,2,360,2,7,TA,0,9600,OldTown,TA,132000
7,1349,1349,1349,2000,2001,2,539,2,6,TA,0,8450,SawyerW,TA,179000
5,1464,520,1464,1963,1999,2,480,2,6,TA,1,12886,Sawyer,TA,175000
8,2715,1142,1175,1976,1996,2,831,3,11,Gd,2,8963,NWAmes,Ex,299800
7,2640,1240,1320,1880,2003,4,864,1,8,Gd,1,11700,OldTown,Gd,265979
7,1720,1720,1720,1996,1996,2,527,2,7,Gd,1,10593,NoRidge,Gd,260400
4,1529,0,1088,1945,1950,1,240,2,9,TA,0,8405,Edwards,TA,98000
4,1140,576,792,1910,2004,0,0,1,7,TA,0,8800,OldTown,TA,96500
7,1320,660,660,2003,2003,2,400,2,6,Gd,0,7750,Gilbert,Gd,162000
6,1494,1479,1494,1997,1997,2,576,2,6,Gd,0,9236,CollgCr,TA,217000
6,1026,1026,1026,1969,2005,2,440,1,5,Gd,0,7930,NAmes,TA,156000
6,1471,729,742,1999,1999,2,440,2,6,TA,0,3230,Somerst,TA,172500
8,1768,866,866,2007,2007,2,578,2,7,Gd,0,10769,CollgCr,Gd,212000
6,1386,672,672,1978,1978,2,440,2,6,TA,1,11616,Sawyer,TA,158900
7,1501,744,757,1999,1999,2,440,2,6,TA,0,2280,Somerst,TA,179400
8,2531,1318,1328,1995,1995,3,752,2,9,Gd,1,12257,NoRidge,Gd,290000
6,864,864,864,1959,1959,1,300,1,5,TA,0,9100,NAmes,TA,127500
5,1301,1145,1301,1924,1950,2,440,1,5,Fa,0,6911,BrkSide,TA,100000
7,1547,756,764,2009,2009,2,614,2,7,Gd,0,8640,Somerst,TA,215200
8,2365,1252,1268,1999,1999,3,856,2,8,Gd,1,9430,NoRidge,Gd,337000
8,1494,1494,1494,1995,1996,2,481,1,6,Ex,1,9549,Veenker,Gd,270000
9,1506,1498,1506,2008,2008,2,592,2,6,Ex,1,14587,Somerst,Gd,264132
6,1750,983,983,1940,1985,1,423,2,7,TA,0,12508,Mitchel,TA,160000
7,1836,1860,1836,2004,2005,2,484,2,8,Gd,1,9100,CollgCr,Gd,216837
8,3279,1650,1690,2003,2003,3,841,3,12,Ex,1,53504,StoneBr,Ex,538000
5,858,858,858,1982,1982,2,576,1,5,TA,0,7252,Sawyer,TA,134900
4,1220,836,1220,1951,1951,2,396,1,6,TA,0,8877,Edwards,TA,102000
6,1117,1029,1117,1976,1976,2,672,1,6,TA,1,7819,Edwards,TA,107000
5,912,912,912,1958,1958,1,275,1,5,TA,0,10150,NAmes,TA,114500
8,1973,1935,1973,2006,2006,3,895,2,9,Gd,1,14226,NridgHt,Gd,395000
6,1204,1204,1204,1998,1998,2,412,2,5,TA,0,4500,Mitchel,TA,162000
7,1614,1614,1614,2005,2006,3,865,2,7,Gd,0,11210,CollgCr,Gd,221500
5,894,864,894,1974,1974,2,440,1,5,TA,1,13350,Sawyer,TA,142500
5,2020,0,2020,1977,1977,2,630,2,10,TA,2,8400,SawyerW,TA,144000
6,1004,975,1004,1977,1977,2,504,1,4,TA,0,10530,Mitchel,TA,135000
7,1253,1237,1253,1995,1996,2,402,2,6,TA,1,7875,Gilbert,TA,176000
6,1603,761,810,1992,1992,2,484,2,7,Gd,0,7153,SawyerW,Gd,175900
7,1430,1413,1430,2001,2002,2,605,2,6,Gd,0,16285,CollgCr,Gd,187100
5,1110,1097,1110,1978,1978,2,602,1,4,Gd,1,9101,Mitchel,TA,165500
6,1484,742,742,1914,2001,0,0,2,9,TA,1,6300,OldTown,TA,128000
7,2084,956,956,2004,2004,2,618,2,8,Gd,0,10142,SawyerW,Gd,233000
4,901,901,901,1954,2000,1,281,1,4,TA,0,6000,OldTown,TA,107900
6,2087,832,976,1966,2007,2,444,2,9,Gd,0,12205,ClearCr,TA,187500
7,1145,1145,1145,2005,2006,2,397,2,5,Gd,1,3182,Blmngtn,Gd,160200
6,1062,1029,1062,1976,1976,2,539,1,5,TA,2,11333,Mitchel,TA,146800
7,2013,1117,1127,1996,1997,2,455,2,8,TA,1,9920,NoRidge,Gd,269790
7,1895,712,1086,1994,1996,2,409,2,7,Gd,1,10832,Gilbert,Gd,194500
6,1564,650,888,1980,1981,2,476,2,7,TA,1,8400,SawyerW,TA,171000
6,1285,660,1285,1977,1977,2,528,1,7,TA,1,8197,Sawyer,TA,143500
5,773,773,773,1953,1953,1,240,1,4,TA,0,7677,NAmes,TA,110000
9,3140,1926,1966,2008,2009,3,820,3,11,Ex,2,13518,NridgHt,Ex,485000
5,1768,731,981,1937,1950,1,240,1,7,Gd,2,7200,SWISU,TA,175000
6,1688,616,616,1997,1997,2,603,2,8,Gd,0,12798,ClearCr,TA,200000
7,1456,728,728,2005,2005,2,410,2,7,Gd,1,8199,CollgCr,Gd,189000
9,2822,1734,1734,2008,2009,3,1020,3,12,Ex,1,13891,NridgHt,Ex,582933
5,1128,936,1128,1954,1954,1,286,1,5,TA,0,9000,NAmes,TA,118000
7,1428,1417,1428,2008,2008,2,554,2,6,Ex,0,12274,Somerst,Gd,227680
5,980,980,980,1967,1967,1,384,2,6,TA,0,9750,NAmes,TA,135500
5,1576,1324,1072,1923,2004,2,528,1,6,Gd,1,21384,BrkSide,TA,223500
5,1086,1024,1086,1966,1966,2,484,1,6,TA,1,13400,NAmes,TA,159950
6,1309,1040,1309,1974,1999,2,484,1,5,Gd,1,10140,NWAmes,TA,181000
6,848,848,848,2004,2004,2,420,1,4,Gd,1,4438,CollgCr,Gd,144500
5,1044,540,1044,1952,1952,2,504,1,4,Fa,0,8712,IDOTRR,Fa,55993
6,1442,1442,1442,1958,1958,1,301,1,7,TA,0,9750,NAmes,TA,157900
5,1250,686,686,1918,1950,1,280,1,7,Fa,0,8248,Edwards,TA,116000
7,1661,1649,1661,1998,1998,2,598,2,6,Gd,0,12137,CollgCr,TA,224900
5,1008,1008,1008,1954,1954,1,275,1,4,TA,1,11425,NAmes,TA,137000
6,1052,1010,1052,1971,1971,2,440,1,6,TA,0,8816,ClearCr,TA,155000
7,1358,1358,1358,2009,2010,2,484,2,6,Gd,1,6371,NridgHt,Gd,224000
4,936,936,936,1953,1953,2,576,1,4,TA,0,6000,OldTown,Fa,93000
6,1489,778,944,1940,1950,1,240,2,7,TA,1,9900,SWISU,TA,139500
8,1489,1489,1489,2006,2006,2,776,2,7,Gd,1,11216,Somerst,Gd,232600
10,2084,2078,2084,2007,2008,3,1220,2,7,Ex,1,14803,NridgHt,Ex,385000
5,784,784,784,1924,1950,0,0,1,5,Gd,0,6130,BrkSide,TA,109500
7,1434,1454,1434,2001,2001,2,527,2,6,Gd,1,8529,SawyerW,Gd,189000
5,2126,1013,1160,1967,1967,2,538,2,7,TA,0,28698,ClearCr,TA,185000
7,1223,600,520,2005,2005,2,480,2,4,Gd,0,2544,Somerst,Gd,147400
6,1392,1392,1392,1957,1957,2,458,1,6,TA,2,11900,NAmes,TA,166000
7,1200,600,520,2005,2005,2,480,2,4,Gd,0,3180,Somerst,TA,151000
7,1829,941,941,2003,2003,2,613,2,7,Gd,1,9548,CollgCr,Gd,237000
6,1516,1516,1516,1964,1964,2,472,1,6,TA,0,10004,NAmes,TA,167000
5,1144,1144,1144,1961,1961,2,456,1,6,TA,0,7875,NAmes,TA,139950
4,1067,1067,1067,1950,1995,2,436,2,4,Gd,0,9600,Sawyer,TA,128000
5,1559,1559,1559,1948,1973,2,812,1,5,TA,0,8100,OldTown,TA,153500
6,987,483,483,1973,1973,1,264,1,5,TA,0,1680,BrDale,TA,100000
5,1099,1099,1099,1995,2006,1,352,1,6,Gd,0,9525,CollgCr,TA,144000
5,1200,768,768,1946,1995,1,240,1,6,TA,0,11767,Edwards,TA,130500
6,1482,672,810,1925,1950,1,400,2,7,Fa,0,12155,SWISU,TA,140000
6,1165,1127,1165,1966,1966,2,490,1,6,TA,0,9020,NAmes,TA,174900
5,1800,1800,1800,1961,1961,0,0,2,10,TA,0,8000,NAmes,TA,141000
5,1416,876,876,1915,1950,3,720,1,7,TA,1,12665,OldTown,TA,153900
5,1701,1390,1701,1975,1981,2,611,2,6,TA,2,16647,Sawyer,TA,171000
5,864,864,864,1972,1972,1,338,1,5,TA,1,15523,CollgCr,TA,133500
6,1855,528,1094,1976,1994,2,512,2,7,TA,1,9600,Veenker,Gd,187000
6,848,848,848,2003,2003,2,420,1,3,Gd,0,4435,CollgCr,Gd,131500
7,1646,918,918,1941,1950,1,240,2,7,TA,2,7128,Crawfor,TA,164000
6,1445,1127,1445,1964,1964,2,645,1,7,TA,1,12095,NAmes,TA,158000
5,1779,1763,1779,1955,1974,2,454,1,6,TA,1,17920,Sawyer,TA,170000
5,1040,1040,1040,1962,2010,1,260,1,6,TA,0,6897,Sawyer,TA,127000
6,1026,940,1026,1978,1978,2,576,1,5,TA,0,10970,CollgCr,TA,147000
6,1481,702,702,1994,1995,2,343,2,6,TA,1,8125,Gilbert,TA,174000
7,1370,1090,1370,1976,1976,2,479,2,6,TA,1,10400,NWAmes,TA,152000
6,2654,1054,1512,1968,1984,2,619,2,9,Gd,1,11029,NWAmes,TA,250000
7,1426,912,912,1918,1998,1,216,1,7,Gd,1,7642,Crawfor,Gd,189950
6,1097,1040,1097,1984,1985,2,480,2,6,TA,0,9672,SawyerW,TA,152000
5,1148,1148,1148,1959,1959,1,672,1,6,TA,0,7931,NAmes,TA,132500
7,1372,1372,1372,2007,2008,2,529,2,6,Gd,0,8640,Somerst,Gd,250580
5,1002,1002,1002,1970,1970,2,902,1,5,TA,0,8750,NAmes,TA,148500
8,1646,1638,1646,2006,2007,3,870,2,6,Gd,1,10656,Timber,Gd,248900
5,2320,0,1547,1948,1950,2,672,2,7,TA,1,14762,Gilbert,TA,169000
7,1949,1050,1062,1993,1994,2,574,2,8,Gd,1,9938,SawyerW,Gd,236000
5,894,894,894,1962,1962,1,308,1,5,TA,0,6600,NAmes,TA,109500
6,1682,804,804,1998,1998,2,523,2,7,Gd,0,8750,CollgCr,TA,200500
5,910,105,910,1953,1996,2,414,1,5,Gd,0,8892,NAmes,Gd,116000
5,1268,832,1036,1949,1950,1,288,1,6,TA,1,12144,NAmes,Gd,133000
8,2610,1184,1184,2007,2007,2,550,2,11,Ex,1,9000,Somerst,Gd,303477
4,1040,1064,1040,1963,1963,2,648,1,5,TA,0,25286,Mitchel,TA,132250
9,2224,1462,1462,2004,2005,3,738,2,10,Ex,1,8834,NridgHt,Gd,350000
5,1155,1109,1155,1961,1995,2,576,1,6,Gd,0,11782,Sawyer,TA,148000
5,864,864,864,1978,2005,1,336,1,6,TA,0,7000,CollgCr,Gd,136500
5,1090,1090,1090,2005,2006,2,450,1,5,TA,0,7024,Edwards,TA,157000
7,1717,1156,1187,1990,1991,2,400,2,7,Gd,1,13758,Timber,Gd,187500
6,1593,808,808,1992,1993,2,389,2,7,TA,1,9636,Gilbert,TA,178000
4,2230,795,954,1912,1950,1,440,1,10,TA,0,6204,SWISU,Gd,118500
5,892,892,892,1967,1967,1,288,1,5,TA,0,7150,NAmes,TA,100000
9,1709,1698,1709,1999,2000,2,506,2,5,Gd,1,5119,Somerst,Gd,328900
5,1712,1626,1712,1959,2005,2,588,2,8,TA,0,8393,NAmes,TA,145000
5,1393,816,872,1955,1955,1,300,1,8,TA,0,16466,Edwards,TA,135500
8,2217,2217,2217,1970,1970,2,621,2,8,Gd,1,15865,NAmes,Gd,268000
6,1505,1505,1505,1953,1953,2,505,1,6,TA,1,12160,NAmes,TA,149500
5,924,672,672,1949,2006,2,576,1,6,TA,1,8064,NAmes,TA,122900
6,1683,918,918,1978,1978,2,440,2,7,TA,1,11184,Sawyer,TA,172500
6,1796,780,983,1963,1963,2,483,1,8,TA,1,7056,NAmes,TA,140000
5,2240,0,1120,1979,1979,2,528,2,12,TA,0,7018,SawyerW,TA,142953
9,2364,2330,2364,2009,2010,3,820,2,11,Ex,2,12919,NridgHt,Ex,611657
5,1236,912,1236,1961,1994,1,288,1,6,TA,1,6993,Sawyer,TA,135000
4,858,858,858,1971,1971,1,684,1,4,TA,0,7340,NAmes,TA,110000
5,1306,992,1306,1957,2000,1,756,1,5,TA,0,8712,NAmes,TA,153000
7,1509,783,807,2003,2003,2,393,2,8,Gd,1,7875,Gilbert,Gd,180000
5,902,876,902,1967,1967,1,288,1,6,TA,0,6173,Sawyer,TA,125500
5,1063,1056,1063,1954,1954,1,280,1,6,TA,0,9920,NAmes,TA,128000
8,1636,1623,1636,2006,2006,3,865,2,8,Gd,1,13501,Somerst,Gd,255000
5,2274,1105,1105,1960,1960,2,480,2,12,TA,0,11600,NAmes,TA,154300
5,1015,768,1015,1925,1950,1,450,1,6,TA,0,6120,BrkSide,TA,88000
5,2002,1001,1001,1949,1950,3,871,2,8,TA,0,6270,Crawfor,TA,145000
4,1092,546,546,1970,1970,1,286,1,6,TA,0,2001,MeadowV,TA,75000
2,480,480,480,1949,1950,1,308,0,4,TA,0,9000,IDOTRR,TA,35311
4,1229,1134,1229,1956,1956,1,284,1,6,TA,0,17140,Edwards,TA,135000
7,2127,1104,912,1991,1991,3,833,2,8,Gd,1,13125,SawyerW,Gd,238000
6,1414,1184,1414,1958,2002,2,601,1,6,TA,1,11029,NAmes,Ex,176500
5,2200,1272,1272,1900,2003,0,0,2,9,TA,0,8777,Edwards,TA,145900
6,1316,1316,1316,2005,2006,2,397,2,6,Gd,1,10237,Gilbert,Gd,169990
6,1617,1604,1617,1993,1994,2,533,2,5,Gd,1,8012,SawyerW,Gd,193000
6,1686,1686,1686,1980,1980,2,612,2,7,TA,1,10240,NWAmes,TA,207500
5,1126,1126,1126,1977,1977,2,540,2,6,Ex,0,15611,NWAmes,TA,175000
8,2374,1181,1234,2003,2004,3,656,2,10,Ex,1,11999,NridgHt,Gd,285000
7,1978,832,1098,1968,1968,2,486,2,9,TA,1,9900,NWAmes,TA,176000
8,1788,1753,1788,2001,2001,2,522,2,7,Ex,1,11838,CollgCr,Gd,236500
7,2236,964,993,1997,1997,2,642,2,8,Gd,1,13006,Gilbert,TA,222000
8,1466,1466,1466,2007,2007,3,610,2,7,Gd,0,8925,Timber,Gd,201000
5,925,925,925,1965,1965,1,429,1,5,TA,0,9100,NAmes,TA,117500
7,1500,1500,1500,2004,2004,2,570,2,6,Gd,0,8487,CollgCr,Gd,190000
7,2069,585,2069,1960,2007,2,505,2,9,Gd,1,27650,NAmes,TA,242000
4,747,600,747,1926,1953,2,528,1,5,TA,0,5825,BrkSide,TA,79900
7,1200,1176,1200,2003,2003,2,555,2,5,Gd,0,10083,SawyerW,Gd,184900
7,1971,1113,1113,2005,2005,2,689,2,8,Gd,1,9675,Somerst,Gd,253000
7,1962,1391,1391,2006,2006,3,868,2,7,Gd,0,8760,CollgCr,Gd,239799
7,2403,1032,1207,1940,1950,1,349,2,10,TA,2,24090,ClearCr,TA,244400
6,1728,1728,1728,1976,1976,2,574,2,8,TA,0,12640,Mitchel,TA,150900
7,2060,992,1022,1999,1999,2,390,2,8,Gd,1,8755,Gilbert,Gd,214000
5,1632,1632,1632,1967,1967,2,576,2,8,TA,0,25000,Mitchel,TA,143000
6,1344,819,1344,1958,1958,2,525,1,7,Gd,1,14375,Timber,TA,137500
7,1776,936,936,2002,2002,2,474,2,7,Gd,1,14006,CollgCr,Gd,192500
6,1381,1161,1381,1972,2006,2,676,1,5,Gd,1,9360,NWAmes,TA,197500
5,864,864,864,1950,2002,2,720,1,5,Gd,0,7200,NAmes,TA,129000
5,965,828,965,1965,1965,1,300,1,6,TA,0,7800,SawyerW,TA,119900
5,768,768,768,1972,2003,1,396,1,5,TA,0,7200,CollgCr,TA,133900
5,1968,784,1168,1969,1969,2,530,2,7,TA,1,11075,Mitchel,TA,172000
6,1229,561,561,1980,1980,2,462,1,5,TA,1,1300,Blueste,TA,124000
5,1057,1057,1057,1962,1962,2,576,1,6,TA,0,7420,Sawyer,TA,132000
7,1337,1337,1337,2003,2003,2,531,2,6,Gd,0,8450,CollgCr,Gd,185000
7,1416,696,696,1999,1999,2,484,2,6,Gd,0,2572,Somerst,Gd,155000
5,858,858,858,1958,2008,0,0,1,4,TA,0,7207,BrkSide,TA,116500
6,2872,1330,1542,1977,1995,2,619,2,11,TA,1,12227,NWAmes,TA,272000
6,1548,804,804,1976,1976,2,440,2,7,Gd,1,2308,NPkVill,TA,155000
9,1800,1800,1800,2007,2007,2,702,2,7,Ex,0,11923,CollgCr,Gd,239000
5,1308,728,976,1940,1950,1,256,1,7,TA,2,9600,Crawfor,Gd,160000
5,1098,1098,1098,1955,1955,1,260,1,6,TA,0,7390,NAmes,TA,135000
3,968,600,600,1910,1950,0,0,1,6,TA,0,5925,OldTown,TA,37900
6,1095,588,1095,1958,1958,1,264,1,6,TA,0,10382,NAmes,TA,140000
4,1192,720,720,1949,1950,0,0,1,6,TA,0,10800,NAmes,TA,135000
7,1626,764,764,2003,2004,2,474,2,6,Gd,0,2268,NridgHt,Gd,173000
6,918,918,918,1979,1979,1,264,2,5,TA,1,7892,SawyerW,TA,99500
7,1428,1428,1428,2007,2008,2,480,2,6,Gd,0,11639,Somerst,Gd,182000
4,869,440,869,1923,1958,0,0,1,4,Fa,0,5900,BrkSide,TA,85500
4,894,894,894,1954,1954,2,400,1,5,TA,0,9450,Edwards,TA,110000
5,1121,1121,1121,1963,1963,2,480,1,5,TA,0,8816,Sawyer,TA,139000
7,999,944,999,1961,2007,2,588,1,6,Ex,0,12122,NAmes,Ex,178400
8,2612,1225,1276,1998,1999,3,676,2,8,Gd,1,12203,NoRidge,Gd,336000
7,1266,1266,1266,2007,2007,2,388,2,6,Gd,1,3182,Blmngtn,Gd,159895
8,2290,1128,1149,2002,2002,2,779,2,9,Gd,1,11250,CollgCr,Gd,255900
5,1734,0,1302,1977,1977,2,539,2,8,Gd,0,10125,Mitchel,TA,126000
5,1164,1164,1164,1950,1950,1,240,1,5,TA,0,10880,Edwards,TA,125000
9,1940,1930,1940,2009,2010,3,606,2,8,Ex,1,10159,NridgHt,Ex,395192
6,2030,848,1118,1976,1976,2,551,2,8,Gd,1,12046,NWAmes,TA,195000
8,2392,1396,1407,1997,1998,3,870,2,7,Gd,1,9452,NoRidge,Gd,348000
8,1742,916,916,1882,1986,2,424,1,8,Gd,1,17671,OldTown,Gd,168000
10,1718,1700,1718,2006,2007,3,786,2,7,Ex,1,12456,NridgHt,Ex,337500
4,1230,747,774,1946,1950,1,305,1,5,TA,0,4712,BrkSide,TA,121600
7,1208,1187,1208,2006,2006,2,632,2,6,Gd,0,6762,CollgCr,Gd,206000
3,944,0,944,1952,1952,2,528,1,4,Fa,0,10206,Edwards,TA,82000
5,691,691,691,1920,1950,1,216,1,4,Ex,0,5400,OldTown,TA,86000
5,1680,1680,1680,1976,1976,2,528,2,8,TA,0,11500,NWAmes,TA,136905
7,1504,1346,1504,2005,2006,2,457,2,7,Gd,1,3182,Blmngtn,Gd,181000
5,985,985,985,1977,1977,1,328,2,6,TA,0,8385,CollgCr,Gd,149900
6,1657,1657,1657,1970,1970,2,484,2,7,TA,1,12155,NAmes,TA,163500
4,1092,546,546,1970,1970,1,286,1,6,TA,0,2217,MeadowV,TA,88000
7,1710,1710,1710,2004,2005,2,550,2,7,Gd,1,12118,Mitchel,Gd,240000
5,1522,1008,1008,1926,1950,0,0,2,7,TA,0,6000,SWISU,TA,102000
5,1271,720,720,1948,1950,1,312,2,7,TA,1,21286,Sawyer,TA,135000
5,1664,0,1664,1965,1965,0,0,2,8,TA,0,9825,Edwards,TA,100000
6,1502,602,900,1923,1996,1,180,1,7,Gd,2,10592,Crawfor,TA,165000
5,1022,1022,1022,1910,2006,1,280,1,4,TA,0,7200,OldTown,TA,85000
6,1082,1082,1082,1948,1950,1,240,1,5,TA,1,11664,NAmes,TA,119200
8,1665,810,810,2001,2001,2,528,2,6,Gd,0,8400,NWAmes,Gd,227000
7,1504,1504,1504,1996,1996,2,478,2,6,Gd,1,11883,CollgCr,Gd,203000
8,1360,1220,1360,1984,1984,2,565,1,4,Gd,1,5814,StoneBr,Gd,187500
7,1472,384,802,1991,1992,2,402,2,7,Gd,1,10784,Gilbert,Gd,160000
7,1506,1362,1506,2005,2005,2,440,2,6,Gd,1,3013,Blmngtn,Gd,213490
7,1220,1199,1220,2006,2006,2,632,2,6,Gd,0,7406,CollgCr,Gd,194000
5,1248,912,912,1930,1950,1,160,1,6,TA,0,9439,OldTown,TA,87000
7,1504,1346,1504,2005,2006,2,437,2,7,Gd,1,3182,Blmngtn,Gd,191000
5,882,882,882,1972,1972,2,461,1,5,TA,0,7700,CollgCr,TA,112500
5,1264,1268,1264,1960,1960,2,461,1,6,TA,2,9300,NAmes,TA,167500
8,1646,1638,1646,2007,2008,3,800,2,7,Gd,1,9520,Timber,Gd,293077
5,1376,768,968,1941,1950,1,240,1,6,TA,1,9492,NAmes,TA,105000
5,1928,686,948,1916,1995,0,0,2,10,TA,0,7082,SWISU,TA,160000
7,3082,824,1687,1920,1970,2,672,2,12,TA,2,15863,SWISU,TA,197000
8,2520,1338,1352,1993,1993,3,796,2,10,Gd,1,14541,NoRidge,Gd,310000
7,1654,1654,1654,2002,2002,3,900,2,6,Gd,0,8125,CollgCr,Gd,230000
5,954,920,954,1938,1950,1,240,1,5,Fa,1,6305,Crawfor,TA,119750
4,845,0,845,1957,1957,1,290,1,5,TA,0,11500,Edwards,TA,84000
8,2263,1055,1055,2001,2002,2,905,2,7,Gd,1,9240,CollgCr,Gd,287000
4,1344,546,798,1970,2008,0,0,1,6,TA,1,1533,MeadowV,TA,97000
4,630,630,630,1970,1970,1,286,1,3,TA,0,1477,MeadowV,TA,80000
5,1803,1134,1803,1957,2000,2,484,2,8,TA,1,13125,Sawyer,TA,155000
6,1632,800,800,1966,2000,2,484,1,7,Gd,0,9130,NWAmes,TA,173000
7,2329,1475,1532,1990,1990,2,514,2,10,Gd,1,11839,SawyerW,TA,262280
8,2524,2524,2524,1981,1981,2,542,2,9,Gd,1,9600,NWAmes,Gd,278000
3,1733,0,1733,1955,1955,2,452,2,8,TA,1,13680,Edwards,TA,139600
5,990,990,990,1994,1995,2,672,1,5,TA,0,9245,CollgCr,TA,145000
4,930,0,930,1946,2006,1,308,1,6,Gd,0,11100,Edwards,TA,84900
7,1316,1316,1316,2007,2007,2,440,2,6,Gd,1,11175,CollgCr,Gd,200141
6,1977,816,1127,1964,1978,2,540,1,9,TA,1,9500,NAmes,TA,165000
8,1989,1065,1091,2002,2002,2,586,2,7,Gd,1,11367,CollgCr,Gd,255000
6,1523,1193,1523,1976,1976,2,478,2,7,TA,1,11361,NWAmes,TA,180000
7,1364,1364,1364,2005,2005,2,484,2,6,Gd,1,7052,NridgHt,Gd,185850
7,1850,973,979,1994,1994,2,467,2,7,Gd,1,29959,NoRidge,Gd,248000
9,2184,1104,1130,2008,2008,3,836,2,10,Ex,1,11308,NridgHt,Ex,335000
6,1991,854,1096,1932,1950,2,432,1,7,TA,1,11275,Crawfor,TA,220000
8,1338,1338,1338,2001,2001,2,582,2,6,Gd,0,4920,StoneBr,Gd,213500
6,1103,1103,1103,1925,1980,2,440,1,5,Gd,1,6000,OldTown,TA,110500
7,2260,1306,1306,1996,1997,2,533,2,7,Gd,0,14000,ClearCr,Gd,328000
6,1611,780,798,1964,1964,2,442,1,7,TA,0,9760,NAmes,TA,167900
6,2521,942,1291,1973,1973,2,576,2,10,TA,1,3964,MeadowV,TA,151400
5,893,845,893,1949,2003,2,576,1,4,Gd,0,9600,NAmes,TA,135000
5,1048,1048,1048,1956,1956,1,286,1,6,TA,0,10152,NAmes,TA,135000
6,1556,727,829,1968,1968,2,441,1,8,TA,0,11700,NWAmes,TA,154000
6,1426,690,698,1977,1977,2,440,1,6,TA,0,7950,Edwards,TA,159500
7,1240,1240,1240,2006,2006,3,826,2,5,Gd,0,8556,CollgCr,Gd,194000
7,1740,800,960,1940,1984,1,240,1,6,TA,2,13125,Crawfor,TA,219500
5,1466,796,1096,1936,1989,2,566,2,7,Gd,1,10800,OldTown,TA,170000
5,1096,1096,1096,1969,1969,1,299,1,6,TA,0,15870,NAmes,TA,138800
5,990,990,990,1994,1994,1,299,1,5,TA,0,8775,CollgCr,TA,126000
6,1258,1258,1258,1971,2004,2,528,2,5,Gd,0,11040,NWAmes,Gd,145000
5,1040,1040,1040,1963,1963,1,308,1,5,TA,0,7500,Sawyer,TA,133000
7,1459,1459,1459,2002,2002,2,527,2,6,Gd,1,8749,CollgCr,Gd,192000
6,1251,1251,1251,1964,1964,1,461,1,6,TA,2,8800,NAmes,TA,160000
6,1498,691,691,1995,1996,2,409,2,6,TA,1,13031,Gilbert,TA,187500
6,996,936,996,1992,1992,2,564,1,5,Gd,0,9069,SawyerW,TA,147000
4,1092,546,546,1973,1973,1,286,1,6,TA,0,1974,MeadowV,TA,83500
8,1953,1082,1082,2005,2006,3,1043,2,9,Gd,1,10574,Somerst,Gd,252000
8,1247,1247,1247,2005,2005,2,550,1,4,Gd,1,3316,Somerst,Gd,197000
3,1040,0,1040,1950,1950,2,400,2,6,TA,0,8544,NAmes,TA,92900
7,1252,600,624,1999,2000,2,462,2,4,Gd,0,2160,Somerst,Gd,160000
5,936,936,936,1956,2000,1,308,1,4,TA,0,5868,NAmes,TA,129000
6,1355,684,773,1914,2006,0,0,1,7,Gd,0,6882,IDOTRR,TA,127000
8,1088,1074,1088,1986,1986,2,461,1,5,Gd,0,3696,StoneBr,Gd,170000
2,438,290,438,1920,1950,1,246,1,3,Fa,0,8400,SWISU,TA,60000
5,1134,1010,1134,1960,2002,1,254,1,6,TA,0,7000,NAmes,TA,135000
5,1302,630,630,1970,1970,2,440,2,6,TA,0,2016,BrDale,TA,106000
8,2622,1463,1500,1994,1995,2,712,2,9,Gd,2,12256,NoRidge,Gd,325000
7,1442,910,1442,1990,1991,2,719,2,6,Gd,1,10357,SawyerW,Gd,179900
6,1690,924,948,2000,2000,2,463,2,7,TA,1,8063,Gilbert,TA,181000
8,1836,1836,1836,2004,2005,3,862,2,7,Gd,1,11362,NridgHt,Gd,280000
6,1658,773,773,1995,1996,2,431,2,8,TA,1,8000,Gilbert,TA,188000
7,1964,803,1098,1976,1976,2,483,2,8,TA,1,10480,NWAmes,TA,205000
5,816,816,816,1957,1957,1,308,1,5,TA,0,7100,NAmes,TA,129900
5,1008,1008,1008,1953,2006,1,240,1,6,Gd,0,8923,NAmes,TA,134500
5,833,833,833,1954,2000,1,326,1,4,Gd,0,5400,OldTown,TA,117000
8,1419,408,779,2002,2002,2,527,2,7,Gd,1,7750,Gilbert,Gd,184100
5,894,894,894,1967,2003,2,450,1,5,Gd,0,9764,Sawyer,TA,130000
5,1601,533,1021,1958,1987,1,300,1,6,TA,0,13825,Sawyer,TA,140000
5,1040,1040,1040,1959,1959,1,286,1,6,TA,0,7560,NAmes,TA,133700
6,1012,1012,1012,1920,1950,1,308,1,6,TA,1,8263,IDOTRR,TA,118400
7,1552,1552,1552,2005,2006,3,782,2,7,Gd,0,10084,CollgCr,Gd,212900
5,698,698,698,1947,2008,0,0,1,4,TA,0,9405,Edwards,TA,118000
4,1005,1005,1005,1955,1955,2,672,1,5,Fa,1,10434,NAmes,TA,115000
7,1555,1373,1555,2007,2007,3,660,2,7,Gd,1,3684,Blmngtn,Gd,174000
7,1530,1530,1530,2004,2004,3,630,2,7,Gd,1,14572,Gilbert,Gd,259000
7,1959,847,847,2004,2005,2,434,2,8,Gd,1,11796,Gilbert,Gd,215000
5,936,936,936,1980,1980,2,672,1,4,TA,0,7200,OldTown,TA,140000
4,1981,1122,1328,1928,1950,2,576,2,7,Gd,2,7804,SWISU,TA,135000
5,974,974,974,1991,1992,0,0,1,5,TA,0,10712,Mitchel,TA,93500
6,2210,1008,1178,1880,1950,1,205,2,8,Fa,0,9900,OldTown,TA,117500
8,2020,1128,1142,1995,1995,2,466,2,8,Gd,1,9828,SawyerW,Gd,239500
6,1600,916,916,1997,1997,2,460,2,7,TA,1,8773,Gilbert,TA,169000
6,986,960,986,1926,1950,1,180,1,5,TA,1,6180,BrkSide,TA,102000
6,1252,1032,1032,1950,1950,1,288,1,6,TA,0,9600,NAmes,TA,119000
5,1020,780,780,1875,1996,0,0,1,6,TA,0,6342,Sawyer,TA,94000
5,1167,915,1167,1920,1950,2,495,1,6,TA,1,8731,BrkSide,TA,144000
5,952,952,952,1951,1951,2,840,1,4,TA,0,7350,NAmes,TA,139000
5,1868,780,1088,1976,1976,2,484,2,9,Gd,1,10304,NWAmes,TA,197500
5,1006,1006,1006,1959,1959,0,0,1,5,TA,0,9000,Sawyer,TA,80000
4,924,672,672,1941,1950,1,280,1,5,Fa,0,12180,Edwards,TA,80000
5,1576,1042,1042,1928,1950,1,225,1,8,TA,1,6240,BrkSide,TA,149000
7,1564,704,860,1941,1950,1,234,1,7,Fa,1,12000,Crawfor,TA,174500
7,1111,572,572,1926,1950,1,288,1,5,TA,1,5700,OldTown,TA,116900
7,1482,650,832,1920,1988,2,324,1,7,TA,0,9000,OldTown,TA,143000
6,932,932,932,1950,1950,1,306,1,4,Gd,1,8280,NAmes,TA,124000
6,1811,1073,1811,1956,2004,2,470,1,6,Ex,1,14115,Crawfor,TA,230000
7,1820,864,902,1965,1988,2,492,1,8,Gd,2,13700,NAmes,TA,201800
5,1437,1437,1437,1976,2004,2,528,2,6,Gd,1,10768,Veenker,Gd,218000
5,1265,1219,1265,1965,1999,2,502,2,6,Gd,1,9350,NAmes,TA,179900
7,1314,1314,1314,2007,2008,2,626,2,6,Gd,1,5001,NridgHt,Gd,230000
8,1580,1580,1580,2007,2008,3,830,2,7,Gd,0,11932,Somerst,Gd,235128
6,1876,901,943,1974,1974,2,540,2,8,Gd,1,9120,NWAmes,Gd,185000
6,1640,1296,1640,1954,2006,2,924,1,7,Gd,1,14778,Crawfor,Gd,224000
5,894,894,894,1968,1968,2,450,1,5,TA,1,8724,Sawyer,TA,129000
4,1258,1198,1258,1969,1969,2,400,0,6,TA,0,12900,Sawyer,TA,108959
5,1432,1360,1432,1978,1978,2,588,1,5,Gd,1,16157,Veenker,TA,194000
8,1694,1694,1694,2008,2008,3,776,2,7,Gd,0,10475,CollgCr,Gd,245350
6,1671,959,959,2000,2000,2,472,2,7,TA,1,10852,Gilbert,TA,173000
10,3627,1930,1831,1995,1996,3,807,3,10,Gd,1,35760,NoRidge,Gd,625000
6,1118,1096,1118,1977,1977,1,358,1,6,TA,1,9880,Mitchel,TA,171000
6,1261,1261,1261,1958,1958,2,433,1,6,TA,1,9120,NAmes,TA,163000
7,1250,625,625,2006,2007,2,625,2,5,Gd,0,4017,Somerst,Gd,171900
5,3086,1598,1636,1946,1994,0,0,3,12,Ex,1,18030,ClearCr,TA,200500
6,2345,952,1170,1932,1950,2,360,2,9,TA,1,16560,Crawfor,TA,239000
8,2872,1683,2129,1992,2000,2,541,2,9,Gd,1,10678,NoRidge,Gd,285000
5,923,876,923,1984,1985,1,264,1,5,TA,0,6951,Mitchel,TA,119500
6,1224,818,818,1926,2004,1,210,1,5,TA,0,3950,OldTown,TA,115000
5,1343,731,820,1921,1950,1,186,1,7,TA,1,7681,Crawfor,TA,154900
5,1124,0,1124,1954,1954,0,0,1,5,TA,1,8335,Edwards,TA,93000
7,2514,1216,1298,1990,1991,2,693,2,8,TA,0,11170,Timber,TA,250000
5,1130,1120,1130,1920,1950,2,720,1,5,TA,1,10800,OldTown,TA,120000
5,1221,784,949,1924,1950,1,392,1,7,TA,0,9738,Edwards,TA,104900
3,1699,978,1014,1900,1970,2,420,2,7,TA,0,10615,OldTown,TA,95000
8,1624,1624,1624,1994,1995,3,757,2,5,Gd,1,12461,NoRidge,Gd,262000
7,1660,831,831,2002,2002,2,493,2,7,Gd,0,8935,CollgCr,Gd,195000
7,1804,994,1028,1999,1999,2,442,2,7,Gd,1,7500,Gilbert,TA,189000
8,1441,776,764,1999,2000,2,492,2,5,Gd,0,2645,Somerst,Gd,174000
5,1472,702,842,1925,1994,1,250,1,6,Gd,0,9600,OldTown,TA,125000
6,1224,1224,1224,1999,1999,2,402,2,5,TA,0,4500,Mitchel,TA,165000
6,1352,663,663,1969,1969,1,299,1,7,TA,0,9364,Sawyer,TA,158000
6,1456,728,728,2005,2005,2,400,2,8,Gd,0,8029,Gilbert,TA,176000
7,1863,879,879,2006,2006,3,660,2,9,Gd,1,14054,Gilbert,Gd,219210
7,1690,815,815,1916,1950,1,225,1,7,TA,1,8850,OldTown,TA,144000
7,1212,1212,1212,2001,2001,2,573,2,6,Gd,0,9100,CollgCr,Gd,178000
4,1382,1051,1382,1963,1979,2,459,1,6,TA,1,11235,Sawyer,TA,148000
4,864,864,864,1970,1970,1,280,1,5,TA,0,9353,NAmes,TA,116050
7,1779,866,866,1998,1998,2,546,2,6,Gd,0,10400,CollgCr,TA,197900
5,1348,884,884,1925,1997,1,216,1,5,TA,1,6000,BrkSide,TA,117000
7,1630,1630,1630,2000,2001,2,451,2,6,Gd,1,9750,CollgCr,Gd,213000
5,1074,1056,1074,1975,1975,2,495,1,6,TA,0,10140,NWAmes,TA,153500
7,2196,2158,2196,1990,1991,3,701,2,7,Gd,1,14684,SawyerW,Gd,271900
4,1056,1056,1056,1966,1966,1,384,1,5,TA,0,8900,SawyerW,TA,107000
6,1700,1682,1700,2003,2003,2,544,2,7,Gd,0,9135,CollgCr,Gd,200000
6,1845,1055,1055,1992,1992,2,462,2,8,Gd,1,11218,SawyerW,Gd,189000
8,1752,559,1080,1988,2005,2,492,2,8,TA,0,12134,Gilbert,Gd,164000
4,960,648,960,1965,2001,1,364,0,3,TA,0,10246,Sawyer,TA,145000
5,999,925,999,1962,1962,1,300,1,6,TA,0,10205,NAmes,TA,134500
5,894,894,894,1966,1966,1,384,1,5,TA,0,7094,Sawyer,TA,125000
6,1902,0,1318,1978,1978,2,539,2,8,TA,0,8930,Sawyer,TA,112000
4,912,0,672,1947,1950,0,0,1,3,TA,0,6240,BrkSide,TA,80500
6,1218,672,672,1971,1971,0,0,1,7,TA,0,1680,BrDale,TA,91500
5,912,912,912,1964,1964,1,288,1,5,TA,0,7800,NAmes,TA,115000
5,1211,952,1211,1968,1968,1,322,1,5,TA,1,8250,Sawyer,TA,134000
6,1846,1040,1168,1949,1950,1,315,2,7,TA,1,10496,NAmes,TA,143000
5,2136,2136,2136,1951,1951,2,528,2,7,TA,0,10680,NAmes,TA,137900
6,1933,894,894,2007,2007,3,668,2,9,Gd,1,14598,Somerst,Gd,214000
5,912,912,912,1965,2008,2,576,1,5,Gd,0,8872,NAmes,TA,147000
9,1702,1702,1702,2008,2008,3,1052,1,7,Ex,1,8769,NridgHt,Ex,367294
5,1507,1075,1507,1960,1960,1,404,2,7,TA,0,7910,NAmes,TA,127000
5,2620,1361,1361,1977,1977,2,600,2,12,TA,1,18890,Sawyer,TA,190000
5,1190,1106,1190,1962,1962,2,540,1,6,TA,0,7728,NAmes,TA,132500
4,1224,0,1224,1962,1962,2,462,2,6,TA,0,9842,NAmes,TA,101800
5,1188,1188,1188,1959,1959,2,531,1,6,TA,0,12160,NAmes,TA,142000
5,1964,940,1024,1911,1950,0,0,1,7,TA,0,8525,SWISU,TA,130000
5,1784,747,892,1914,1950,1,180,1,9,TA,0,13132,Crawfor,TA,138887
7,1626,764,764,2003,2003,2,474,2,6,Gd,0,2628,NridgHt,Gd,175500
7,1948,847,847,2004,2005,2,434,2,8,Gd,1,12393,CollgCr,Gd,195000
6,1141,1141,1141,2005,2005,2,484,1,6,TA,0,13072,SawyerW,Gd,142500
8,1484,1476,1484,2006,2006,2,472,2,6,Ex,1,9037,Timber,Gd,265900
7,1689,1689,1689,2007,2007,3,954,2,7,Gd,0,9849,Somerst,Gd,248328
7,1173,1053,1173,1974,1974,2,528,2,6,Gd,2,10625,NWAmes,TA,170000
10,2076,2076,2076,2006,2006,3,850,2,7,Ex,1,13891,NridgHt,Ex,465000
8,1517,792,792,1929,1950,2,400,1,7,Gd,2,11435,Crawfor,TA,230000
6,1868,585,1140,1984,2003,2,477,3,7,TA,1,12090,NWAmes,TA,178000
7,1553,756,756,2005,2006,2,615,2,6,Gd,0,8125,Somerst,Gd,186500
6,1034,1012,1034,1976,1976,3,888,1,6,TA,0,12328,Mitchel,TA,169900
6,2058,735,1134,1917,1950,2,396,1,8,TA,1,9600,OldTown,TA,129500
5,988,876,988,1950,1950,1,276,1,6,TA,0,7200,NAmes,TA,119000
7,2110,2110,2110,1968,1968,2,522,2,8,Ex,2,11160,NAmes,Gd,244000
7,1405,1405,1405,2003,2003,2,478,2,6,Gd,1,3136,NridgHt,Gd,171750
6,1367,884,959,1931,1950,1,560,1,6,TA,1,6240,BrkSide,TA,127500
8,1987,1986,1987,1994,1994,2,691,2,7,Gd,1,14303,NoRidge,Gd,301500
5,864,864,864,1922,1950,0,0,1,4,TA,0,4060,Edwards,TA,99900
6,1054,1054,1054,1969,1969,2,460,1,6,TA,0,9750,NAmes,TA,151000
6,1675,841,892,1999,1999,2,502,2,7,TA,1,24682,Gilbert,TA,181000
5,1050,1050,1050,1956,1956,1,338,1,5,TA,0,9600,NAmes,TA,128900
4,1788,1104,1104,1957,1989,1,304,1,8,TA,2,11250,ClearCr,TA,161500
6,1337,1405,1337,1998,1999,2,511,2,5,Gd,0,4060,NAmes,Gd,181000
7,1889,925,964,1910,1950,1,308,1,9,TA,1,10120,OldTown,Fa,122000
9,2018,2002,2018,2008,2009,3,746,2,10,Ex,1,13214,Timber,Ex,378500
8,3447,728,1968,1935,1997,3,1014,3,11,Gd,2,14100,Crawfor,TA,381000
5,1524,874,874,1958,1958,1,315,1,7,TA,0,11344,NAmes,TA,144000
7,1524,1332,1332,1979,1979,2,586,0,4,Gd,1,23595,ClearCr,Gd,260000
6,1489,1489,1489,1968,1968,2,462,2,7,Gd,1,9156,NWAmes,TA,185750
5,935,935,935,1965,1965,1,288,1,5,TA,0,13526,Sawyer,TA,137000
6,1357,1019,1357,1959,2006,1,312,1,5,Ex,1,11512,Edwards,TA,177000
5,1250,661,661,1910,2003,2,552,2,8,TA,1,5362,Crawfor,TA,139000
5,1920,928,928,1948,1950,2,400,2,10,TA,0,11345,NAmes,TA,137000
8,2031,1128,1128,2002,2002,2,577,2,7,Gd,1,9473,CollgCr,Gd,237000
4,1128,698,698,1920,1950,2,528,1,6,TA,0,7500,IDOTRR,TA,68400
7,1573,1573,1573,2002,2002,2,544,2,6,Gd,0,9808,CollgCr,Gd,227000
7,1339,1309,1339,1990,1990,2,484,2,6,TA,1,8049,Timber,TA,180000
5,1040,1040,1040,1977,2008,2,484,2,5,Gd,0,8800,CollgCr,TA,150500
6,1824,912,912,1971,1971,0,0,2,8,TA,0,9400,Mitchel,TA,139000
6,1412,780,825,1939,1950,1,280,1,6,TA,1,6000,BrkSide,TA,132500
6,1328,1328,1328,1963,1963,2,528,1,6,TA,2,9790,NWAmes,TA,143000
5,1582,1624,1582,1964,1964,2,390,2,7,TA,0,36500,ClearCr,TA,190000
8,1659,1501,1659,2000,2000,2,499,2,5,Ex,1,5664,StoneBr,Gd,278000
5,1152,1152,1152,1964,1964,2,484,1,6,TA,1,14112,NAmes,TA,180500
5,1302,630,630,1972,1972,1,264,2,6,TA,0,1680,BrDale,TA,119500
5,2372,994,1378,1892,1965,1,432,2,11,TA,0,6600,OldTown,TA,107500
5,1052,1052,1052,1968,1968,1,288,1,5,TA,0,8400,NAmes,TA,138500
5,1128,1120,1128,1963,1963,2,525,2,6,TA,0,8700,NAmes,TA,155000
6,1072,547,1072,2005,2006,2,525,2,5,TA,0,3675,Edwards,TA,140000
10,5642,6110,4692,2008,2008,2,1418,2,12,Ex,3,63887,Edwards,Ex,160000
7,1983,978,1005,1999,1999,2,490,2,9,Gd,1,10762,Gilbert,Gd,225000
6,1494,771,753,1942,1950,1,213,1,7,Gd,2,7500,Crawfor,TA,177500
8,2526,1165,1203,1994,1994,3,844,2,8,Gd,1,10120,NoRidge,Gd,290000
7,1616,1616,1616,2005,2005,3,834,2,7,Gd,0,8688,Somerst,Gd,232000
7,1708,976,976,2004,2004,2,380,2,7,Gd,0,3363,Edwards,Gd,130000
9,1652,1652,1652,2006,2007,2,840,2,6,Ex,2,13173,NridgHt,Gd,325000
7,1368,1368,1368,2005,2006,2,474,2,6,Gd,1,6955,NridgHt,Gd,202500
5,1122,924,1122,1948,2005,2,528,1,6,Gd,0,12000,OldTown,TA,147000
6,1294,1278,1294,1991,1991,2,496,2,6,Gd,0,7153,SawyerW,TA,179200
7,1902,1902,1902,1959,2002,2,567,2,7,Ex,2,17500,Crawfor,Gd,335000
7,1274,1274,1274,2005,2007,2,508,2,6,Gd,0,8814,CollgCr,Gd,203000
9,2599,1393,1422,1999,1999,3,779,2,10,Gd,1,14774,NoRidge,Gd,333168
4,948,948,948,1954,1954,1,280,1,5,TA,1,8190,Edwards,TA,119000
6,2112,952,1092,1969,1969,2,576,2,9,TA,2,11075,NAmes,TA,206900
8,1630,1622,1630,2008,2008,3,860,2,8,Ex,1,10226,CollgCr,Gd,295493
7,1352,1352,1352,2006,2007,2,466,2,5,Gd,1,4230,Somerst,Gd,208900
8,1787,1753,1787,2001,2002,3,748,2,7,Gd,1,14781,CollgCr,Gd,275000
4,948,864,948,1954,1954,1,248,1,5,TA,0,10215,Edwards,TA,111000
6,1478,1478,1478,1957,1957,2,442,1,6,TA,2,8400,NAmes,TA,156500
3,720,0,720,1949,1950,1,287,1,4,TA,0,6627,BrkSide,TA,72500
4,708,420,708,1940,1950,0,0,1,5,Fa,0,5330,BrkSide,Fa,82500
8,1795,1795,1795,2006,2007,3,895,2,7,Gd,1,9986,Somerst,Gd,147000
4,796,796,796,1922,1950,0,0,1,5,TA,0,3636,IDOTRR,TA,55000
3,774,544,774,1931,2006,0,0,1,6,Gd,0,4270,Edwards,TA,79000
5,816,816,816,1982,2008,1,264,1,5,Gd,1,6600,Mitchel,Gd,130500
6,2792,1510,1584,1920,1950,2,520,2,8,TA,2,10440,OldTown,Gd,256000
8,1588,1588,1588,2006,2006,3,825,2,7,Gd,1,10000,Somerst,Gd,227000
4,816,816,816,1938,1958,1,288,1,3,TA,1,8877,Edwards,TA,100000
5,1365,765,765,1970,1970,2,440,1,7,TA,0,2368,BrDale,TA,125000
6,1334,1350,1334,1977,1977,2,630,2,6,TA,1,9650,NWAmes,TA,167900
4,693,693,693,1941,1950,0,0,1,4,Fa,0,4118,OldTown,TA,52500
7,1861,916,920,2002,2002,2,492,2,8,Gd,0,13450,CollgCr,Gd,200000
5,864,864,864,1972,1972,1,288,1,5,TA,0,9560,CollgCr,TA,128500
4,872,858,872,1971,1971,4,480,1,5,TA,0,8294,NAmes,TA,123000
6,1114,1114,1114,2003,2004,2,576,1,6,Gd,0,13695,SawyerW,TA,155000
6,1913,896,1172,1928,1950,2,342,1,9,TA,1,7558,Crawfor,TA,177000
7,1456,728,728,2006,2006,2,440,2,8,Gd,1,11103,CollgCr,Gd,155835
4,960,960,960,1920,1950,1,308,1,5,Fa,0,6000,OldTown,TA,108500
7,2156,1568,2156,1968,2003,2,508,2,9,TA,1,20781,NWAmes,TA,262500
7,1494,1482,1494,1998,1998,2,514,2,5,Gd,1,16196,SawyerW,Gd,215000
8,2358,684,938,1872,1987,0,0,2,8,TA,0,5250,OldTown,TA,122000
5,2634,1248,1338,1969,1969,4,968,2,12,TA,0,11643,NAmes,TA,200000
6,1176,698,786,1937,2000,2,624,1,4,TA,0,6000,BrkSide,Gd,134900
8,3238,2033,2053,1995,1996,3,666,2,9,Gd,1,14720,NoRidge,Gd,410000
7,1865,992,992,2000,2000,3,839,2,7,Gd,1,10316,CollgCr,Gd,235000
7,1920,570,1222,1968,1992,2,487,3,8,Gd,1,10192,NWAmes,TA,170000
5,892,864,892,1966,1966,1,264,1,5,TA,0,9477,NAmes,TA,110000
5,1078,1078,1078,1971,2008,2,500,1,6,TA,1,12537,NAmes,TA,149900
6,1573,756,769,2000,2000,2,440,2,5,Gd,0,2117,Somerst,Gd,177500
7,1530,1530,1530,2005,2005,2,430,2,7,Gd,1,16158,StoneBr,Gd,260000
4,1738,715,1281,1920,2007,1,368,2,7,TA,1,12513,NAmes,TA,104900
6,1412,616,616,2006,2007,2,432,2,6,Gd,1,8499,Gilbert,TA,156932
7,1200,600,520,2005,2005,2,480,2,4,Gd,0,3180,Somerst,Gd,144152
7,1790,873,882,1999,1999,2,588,2,7,Gd,0,9179,CollgCr,Gd,193000
6,848,848,848,2003,2004,2,420,1,4,Gd,0,4435,CollgCr,Gd,144000
8,1668,1657,1668,2003,2003,2,502,2,8,Gd,1,10635,CollgCr,Gd,232000
4,1374,840,840,1920,1950,1,338,1,6,TA,0,5400,OldTown,Fa,105000
6,1661,992,1661,1955,1996,1,377,1,8,Gd,1,9600,NAmes,TA,165500
7,2097,1108,1108,1998,1998,2,583,2,8,Gd,1,9750,CollgCr,TA,274300
10,2633,2633,2633,2001,2002,3,804,2,8,Ex,2,11400,NoRidge,Ex,466500
7,1958,1026,1026,2005,2005,3,936,2,9,Gd,1,10625,Somerst,Gd,250000
6,790,768,790,1930,1950,1,160,1,4,TA,0,6292,SWISU,TA,91000
5,1604,984,984,1941,1960,2,660,2,6,TA,0,10998,Edwards,TA,117000
6,987,483,483,1973,1973,1,264,1,5,TA,0,1953,BrDale,TA,83000
5,1394,384,754,2006,2007,2,400,2,7,Gd,0,9735,Timber,TA,167500
3,864,864,864,1914,1950,1,200,1,5,TA,0,8212,Edwards,TA,58500
6,2117,1205,2117,1970,1970,2,550,2,7,TA,2,12925,NAmes,TA,237500
6,1258,560,698,1939,1950,1,280,1,6,TA,0,9060,Edwards,TA,105000
7,2784,1392,1392,1978,1978,2,564,3,12,Gd,2,16692,NWAmes,TA,250000
6,2526,714,1664,1916,1950,1,216,2,10,Gd,1,8520,OldTown,TA,136000
9,1746,1746,1746,2006,2007,3,758,2,7,Ex,2,14892,Gilbert,Ex,377500
6,1218,735,869,1941,1950,2,440,1,6,TA,1,6000,BrkSide,TA,131000
7,1525,1525,1525,2000,2000,2,541,2,6,Gd,0,9100,CollgCr,Gd,235000
5,1584,1584,1584,1967,1967,3,792,2,8,TA,0,8944,NAmes,TA,124000
5,900,864,900,1967,1967,1,288,1,6,TA,1,7838,NAmes,TA,123000
6,1912,482,1221,1905,2000,2,672,2,7,TA,1,10800,OldTown,TA,163000
7,1500,1356,1500,2006,2006,3,648,2,6,Gd,1,4045,Blmngtn,Gd,246578
8,2482,1094,1133,2005,2006,3,642,2,9,Gd,1,12665,Timber,Gd,281213
5,1687,747,1687,1948,1950,2,572,1,7,TA,2,57200,Timber,TA,160000
5,1513,939,939,1920,2004,1,180,1,8,TA,0,6120,BrkSide,TA,137500
5,1904,1208,1136,1950,1982,1,240,1,7,TA,0,7200,NAmes,TA,138000
6,1608,976,1160,1925,1990,1,216,2,7,Gd,1,6171,SWISU,TA,137450
6,1158,862,950,1929,1950,1,208,1,5,TA,1,6000,BrkSide,TA,120000
6,1593,839,864,2004,2004,2,398,2,8,TA,1,7415,Gilbert,TA,193000
7,1294,1286,1294,2006,2006,2,662,2,6,Gd,1,6762,CollgCr,Gd,193879
8,1464,1485,1464,2007,2007,3,754,2,6,Gd,0,15256,Somerst,Gd,282922
5,768,768,768,1972,2007,2,396,1,5,TA,0,8445,CollgCr,TA,133000
5,833,833,833,1985,1985,0,0,1,5,TA,0,8780,Mitchel,TA,112000
4,1363,622,741,1910,1950,2,528,1,6,TA,0,7740,OldTown,TA,125500
7,2093,791,1236,1986,1991,2,542,2,7,TA,1,20544,NWAmes,TA,215000
7,1840,944,944,2001,2001,2,622,2,6,Gd,0,12420,CollgCr,Gd,230000
6,1668,856,1112,1950,2005,1,271,1,6,TA,0,9600,NAmes,TA,140000
4,1040,0,1040,1949,1950,2,420,2,6,TA,0,7200,NAmes,TA,90000
8,1844,1844,1844,2005,2006,2,620,2,7,Gd,1,10994,SawyerW,Gd,257000
6,1848,833,1053,1923,2000,2,370,1,8,Gd,1,13053,BrkSide,TA,207000
7,1569,1386,1569,2007,2007,3,660,2,7,Gd,1,3635,Blmngtn,Gd,175900
8,2450,1284,1310,1998,1998,3,1069,2,7,Gd,1,16545,NoRidge,Gd,340000
6,1844,1844,1844,1969,1969,2,540,2,7,Gd,1,16381,Crawfor,Gd,223000
6,1416,708,708,1968,1968,2,776,2,7,TA,1,11700,NWAmes,TA,179900
6,1069,1069,1069,1977,1977,2,440,2,4,TA,1,4043,NPkVill,TA,127500
6,848,848,848,2003,2003,2,420,1,3,Gd,0,4435,CollgCr,Gd,136500
6,2201,697,1575,1966,1966,2,432,2,8,Gd,1,19690,Edwards,Gd,274970
5,1344,1024,1344,1958,1983,1,484,1,6,TA,1,9503,NAmes,TA,144000
6,1252,1252,1252,1959,1959,2,528,1,7,Gd,0,10721,NAmes,Gd,142000
7,2127,1223,1223,1994,1994,2,525,2,5,Gd,2,10944,NoRidge,Gd,271000
5,1558,913,1048,1945,1950,1,288,1,6,TA,1,10930,NAmes,TA,140000
5,804,788,804,1940,1992,1,240,1,4,Gd,2,7200,OldTown,TA,119000
6,1440,1440,1440,1981,1981,2,467,2,7,Gd,1,12546,NWAmes,Gd,182900
5,1838,732,734,2005,2005,2,372,2,7,TA,1,21930,Gilbert,Gd,192140
6,958,958,958,1976,1976,2,440,2,5,TA,0,4928,NPkVill,TA,143750
4,968,656,968,1927,2007,1,216,2,5,TA,0,10800,OldTown,TA,64500
6,1792,936,962,2000,2000,2,451,2,8,TA,1,10261,Gilbert,TA,186500
5,1126,1126,1126,1977,1977,2,484,2,5,TA,1,17400,Mitchel,TA,160000
6,1537,1319,1537,1962,2005,2,462,1,7,Gd,1,8400,NAmes,Gd,174000
8,1932,1932,1932,2008,2008,3,774,2,7,Ex,1,12444,NridgHt,Ex,394617
7,1725,539,1040,1979,1979,2,550,2,6,TA,1,11584,NWAmes,TA,197000
6,2555,588,1423,1922,1994,2,672,2,11,TA,1,11526,Crawfor,TA,191000
6,848,848,848,2004,2004,2,420,1,3,Gd,1,4426,CollgCr,Gd,149300
10,2007,1017,1026,2008,2008,3,812,2,10,Ex,1,11003,Somerst,Ex,310000
6,952,952,952,1916,1950,1,192,1,4,Fa,1,8854,BrkSide,TA,121000
7,1422,1422,1422,2004,2004,2,626,2,7,Gd,0,8500,CollgCr,Gd,179600
6,913,814,913,1966,1966,1,240,1,6,TA,0,8400,Sawyer,TA,129000
5,1188,1188,1188,1962,1962,1,312,1,6,TA,0,26142,Mitchel,TA,157900
8,2090,1220,1220,1995,1996,2,556,2,8,Gd,1,10000,CollgCr,Gd,240000
4,1346,560,796,1910,2000,1,384,1,6,TA,0,11767,Edwards,TA,112000
5,630,630,630,1970,1970,0,0,1,3,Ex,0,1533,MeadowV,TA,92000
5,1792,896,896,1974,1974,0,0,2,8,TA,0,9000,NAmes,TA,136000
5,1072,547,1072,2005,2005,2,525,1,5,TA,0,3675,Edwards,TA,145000
7,1221,1221,1221,2004,2005,2,400,2,6,Gd,0,7500,Somerst,Gd,185000
6,1647,953,953,1999,2000,2,460,2,7,TA,1,7917,Gilbert,TA,175000
7,2340,1152,1188,1941,2006,1,252,2,9,Gd,2,9042,Crawfor,Ex,266500
5,1078,1078,1078,1950,1996,1,240,1,5,Gd,0,9717,NAmes,TA,142125
